id_employer,id_company,Full_name,Phone,Email,Address
1,1,Закройщикова Лилия Артемовна,+7 (939) 448-29-36,cduchart0@nyu.edu,"410983, г. Саратов, ул. Школьная, 35, оф. 82"
2,2,Авдиева Любовь Даниловна,+7 (923) 325-96-26,tdawes1@ameblo.jp,"614487, г. Пермь, ул. Труда, 6, оф. 64"
3,3,Шабловская Ксения Маратовна,+7 (928) 496-65-45,rfranciotti2@cbsnews.com,"644205, г. Омск, ул. Клубная, 43, оф. 80"
4,4,Валиуллина Ксения Олеговна,+7 (922) 439-60-95,adows3@msu.edu,"410299, г. Саратов, ул. Цветочная, 4, оф. 54"
5,5,Малаховский Роберт Филиппович,+7 (931) 605-78-85,fcheverell4@storify.com,"630190, г. Новосибирск, ул. Партизанская, 42, оф. 67"
6,6,Серганов Антон Валерьевич,+7 (920) 923-04-86,mdadds5@usatoday.com,"394222, г. Воронеж, ул. Весенняя, 22, оф. 23"
7,7,Иличевская Эльмира Юрьевна,+7 (952) 135-78-77,tpettipher6@unblog.fr,"450339, г. Уфа, ул. Садовая, 36, оф. 65"
8,8,Демидович Раиса Михаиловна,+7 (980) 757-76-89,mmattioli7@fastcompany.com,"394046, г. Воронеж, ул. Механизаторов, 7, оф. 47"
9,9,Котов Рамиль Максимович,+7 (901) 615-81-85,bnoot8@xinhuanet.com,"125594, г. Москва, ул. Маяковского, 33, оф. 53"
10,10,Кокошилова Юлия Егоровна,+7 (928) 027-60-99,rcapstick9@spiegel.de,"630673, г. Новосибирск, ул. Механизаторов, 19, оф. 5"
11,11,Оборская Алина Маратовна,+7 (999) 142-43-50,gtotha@wix.com,"443706, г. Самара, ул. Юбилейная, 23, оф. 54"
12,12,Подоляк Вячеслав Ильич,+7 (926) 234-65-90,mbartelb@salon.com,"410283, г. Саратов, ул. Верхняя, 35, оф. 1"
13,13,Асафьева Жанна Олеговна,+7 (970) 700-97-50,dnaylorc@networkadvertising.org,"614172, г. Пермь, ул. Береговая, 22, оф. 26"
14,14,Мынкин Тимофей Анатольевич,+7 (950) 201-30-19,afenckd@vimeo.com,"443671, г. Самара, ул. Победы, 13, оф. 41"
15,15,Шабдурасулов Ярослав Геннадьевич,+7 (929) 781-64-39,hcreadye@illinois.edu,"660607, г. Красноярск, ул. Школьная, 13, оф. 85"
16,16,Шарафуллина Эльвира Марселевна,+7 (956) 357-90-75,lwoodrooff@t.co,"614759, г. Пермь, ул. Луговая, 10, оф. 8"
17,17,Снаговская Антонина Олеговна,+7 (917) 979-59-87,dansteysg@ycombinator.com,
18,18,Васейкина Анастасия Викторовна,+7 (970) 042-41-11,rcracknellh@unicef.org,"125849, г. Москва, ул. Заводская, 24, оф. 79"
19,19,Ботаженко Сергей Григорьевич,+7 (928) 489-18-10,gelldredi@bloomberg.com,"614453, г. Пермь, ул. Майская, 4, оф. 13"
20,20,Басистый Тимур Степанович,+7 (938) 216-89-42,vkilgrovej@wikipedia.org,"603649, г. Нижний Новгород, ул. Лесная, 26, оф. 88"
21,21,Ионина Кристина Тимуровна,+7 (920) 532-34-22,bbluemank@edublogs.org,"620633, г. Екатеринбург, ул. Куйбышева, 46, оф. 85"
22,22,Кобцев Эдуард Павлович,+7 (981) 118-72-20,tmacallenl@npr.org,"410230, г. Саратов, ул. Чапаева, 21, оф. 63"
23,23,Ледова Яна Геннадьевна,+7 (916) 476-19-28,ksisselotm@imdb.com,"344074, г. Ростов-на-Дону, ул. Дзержинского, 10, оф. 92"
24,24,Обоев Федор Янович,+7 (969) 332-15-96,bclyden@prnewswire.com,"625994, г. Тюмень, ул. Речная, 18, оф. 93"
25,25,Бандельман Николай Михаилович,+7 (967) 013-32-76,mstudholmeo@123-reg.co.uk,"450557, г. Уфа, ул. Дачная, 1, оф. 84"
26,26,Цитович Римма Юрьевна,+7 (915) 497-56-51,mbeckettp@wikia.com,"454789, г. Челябинск, ул. Первомайская, 17, оф. 62"
27,27,Сеславин Геннадий Рамилевич,+7 (961) 510-35-35,dgarterq@cnet.com,"450864, г. Уфа, ул. Верхняя, 18, оф. 57"
28,28,Бровар Максим Эдуардович,+7 (961) 163-08-49,dbrimmicomber@comsenz.com,
29,29,Бегер Сергей Григорьевич,+7 (937) 380-34-99,sgunsons@bigcartel.com,"350221, г. Краснодар, ул. Южная, 38, оф. 24"
30,30,Туровский Альберт Ринатович,+7 (938) 453-77-15,wsyphast@photobucket.com,"644491, г. Омск, ул. Лермонтова, 3, оф. 8"
31,31,Алор Альберт Дмитриевич,+7 (965) 765-94-11,cbarneveldu@state.gov,"445402, г. Тольятти, ул. Гоголя, 47, оф. 82"
32,32,Колташов Данил Константинович,+7 (994) 772-02-28,cgoburnv@nih.gov,"445586, г. Тольятти, ул. Первомайская, 6, оф. 25"
33,33,Астафьева Анна Геннадьевна,+7 (953) 336-94-82,kfalshaww@guardian.co.uk,"644895, г. Омск, ул. Верхняя, 26, оф. 10"
34,34,Аленчев Виталий Семенович,+7 (965) 977-60-25,kcazinx@nsw.gov.au,"660251, г. Красноярск, ул. Парковая, 49, оф. 32"
35,35,Недоспасов Кирилл Иванович,+7 (909) 124-33-11,fferrigey@smh.com.au,"445696, г. Тольятти, ул. Первомайская, 8, оф. 41"
36,36,Белев Дмитрий Викторович,+7 (911) 455-13-33,fvedeneevz@chronoengine.com,"644673, г. Омск, ул. Заводская, 17, оф. 66"
37,37,Даньщина Лариса Ринатовна,+7 (951) 118-87-23,blawee10@msn.com,"445849, г. Тольятти, ул. Южная, 37, оф. 88"
38,38,Почукалин Ильдар Николаевич,+7 (904) 478-43-61,waltree11@twitpic.com,"400067, г. Волгоград, ул. Маяковского, 31, оф. 9"
39,39,Нигматуллин Андрей Маратович,+7 (921) 221-58-72,ccelloni12@liveinternet.ru,"620605, г. Екатеринбург, ул. Южная, 48, оф. 56"
40,40,Мартышева Ангелина Ильинична,+7 (989) 235-25-38,hlutwyche13@pen.io,"344516, г. Ростов-на-Дону, ул. Красная, 43, оф. 8"
41,41,Енакиев Семен Дамирович,+7 (922) 022-35-22,atrodden14@wufoo.com,"426661, г. Ижевск, ул. Победы, 15, оф. 89"
42,42,Аржавитина Анна Анатольевна,+7 (966) 512-74-78,chunter15@loc.gov,"620414, г. Екатеринбург, ул. Родниковая, 45, оф. 34"
43,43,Сухов Кирилл Геннадьевич,+7 (951) 807-90-59,ksleany16@springer.com,"344804, г. Ростов-на-Дону, ул. Дачная, 16, оф. 77"
44,44,Шаймуллин Ильдар Антонович,+7 (956) 001-71-36,lmcconville17@dell.com,"426227, г. Ижевск, ул. Спортивная, 12, оф. 32"
45,45,Банникова Римма Валентиновна,+7 (904) 626-04-67,dpriest18@cyberchimps.com,"125954, г. Москва, ул. Пролетарская, 7, оф. 56"
46,46,Журик Станислав Германович,+7 (966) 489-33-38,dshearstone19@taobao.com,"660235, г. Красноярск, ул. Горная, 12, оф. 54"
47,47,Нагурный Эдуард Григорьевич,+7 (923) 798-32-71,ecourt1a@webmd.com,"620662, г. Екатеринбург, ул. Восточная, 20, оф. 17"
48,48,Бадардина Тамара Тимуровна,+7 (917) 790-28-71,lpainter1b@posterous.com,"426845, г. Ижевск, ул. Спортивная, 41, оф. 95"
49,49,Стасяк Вероника Рамилевна,+7 (911) 005-46-27,lmoxley1c@godaddy.com,"644623, г. Омск, ул. Коммунистическая, 36, оф. 76"
50,50,Краснополин Руслан Георгиевич,+7 (970) 997-96-32,lneaves1d@about.me,"450743, г. Уфа, ул. Заводская, 3, оф. 95"
51,51,Иоффа Лилия Ярославовна,+7 (999) 348-87-96,lshrawley1e@merriam-webster.com,"400111, г. Волгоград, ул. Энергетиков, 20, оф. 87"
52,52,Блазнина Алиса Ефимовна,+7 (921) 577-03-90,mcumbridge1f@bbc.co.uk,"350071, г. Краснодар, ул. Труда, 16, оф. 35"
53,53,Латфуллина Людмила Тимуровна,+7 (952) 187-47-71,acorkitt1g@wikipedia.org,"394611, г. Воронеж, ул. Механизаторов, 33, оф. 42"
54,54,Меркушина Валентина Артуровна,+7 (931) 815-24-15,jmcpharlain1h@blinklist.com,"454113, г. Челябинск, ул. Свердлова, 47, оф. 91"
55,55,Брянцева Ирина Ринатовна,+7 (995) 215-75-69,ede1i@bbb.org,"620014, г. Екатеринбург, ул. Луговая, 49, оф. 15"
56,56,Кедрова Людмила Маратовна,+7 (999) 662-93-51,mmarjanovic1j@sbwire.com,"454476, г. Челябинск, ул. Зеленая, 1, оф. 22"
57,57,Тугарева Диана Робертовна,+7 (978) 630-33-64,vburburough1k@networksolutions.com,"630501, г. Новосибирск, ул. Горная, 11, оф. 15"
58,58,Бордзиловская Алиса Игоревна,+7 (989) 599-95-79,ecoil1l@is.gd,"660209, г. Красноярск, ул. Дружбы, 2, оф. 77"
59,59,Сосдекина Ирина Радиковна,+7 (962) 398-57-69,lwillimot1m@moonfruit.com,"190926, г. Санкт-Петербург, ул. Труда, 19, оф. 71"
60,60,Образцов Валентин Ярославович,+7 (917) 431-63-78,bchiles1n@ucoz.com,"125868, г. Москва, ул. Луговая, 19, оф. 24"
61,61,Шакурова Тамара Петровна,+7 (926) 815-59-88,cwhittlesee1o@google.fr,"344935, г. Ростов-на-Дону, ул. Трудовая, 12, оф. 97"
62,62,Батомункуева Раиса Олеговна,+7 (971) 188-46-96,ejaray1p@reference.com,"190484, г. Санкт-Петербург, ул. Интернациональная, 8, оф. 18"
63,63,Затравкина Елизавета Евгеньевна,+7 (931) 891-42-34,vmccarter1q@blogtalkradio.com,"614192, г. Пермь, ул. Луговая, 30, оф. 36"
64,64,Атрошков Алексей Павлович,+7 (929) 432-24-92,tcaban1r@kickstarter.com,"400119, г. Волгоград, ул. Дачная, 7, оф. 74"
65,65,Инжаков Егор Георгиевич,+7 (934) 268-06-03,dhanwright1s@admin.ch,"625559, г. Тюмень, ул. Чехова, 28, оф. 54"
66,66,Овечкина Ольга Юрьевна,+7 (908) 753-05-06,tlillecrop1t@nytimes.com,"660199, г. Красноярск, ул. Железнодорожная, 13, оф. 61"
67,67,Евтехова Маргарита Ярославовна,+7 (939) 549-54-20,raiers1u@bloglines.com,"125768, г. Москва, ул. Луговая, 32, оф. 6"
68,68,Шкиперов Ян Владиславович,+7 (954) 530-62-76,gsawyer1v@stumbleupon.com,"660205, г. Красноярск, ул. Больничная, 32, оф. 16"
69,69,Щербинин Ян Юрьевич,+7 (902) 832-77-12,kcoper1w@blogspot.com,"344433, г. Ростов-на-Дону, ул. Чкалова, 6, оф. 53"
70,70,Хорев Марсель Валентинович,+7 (978) 393-05-30,lsomerlie1x@epa.gov,"190021, г. Санкт-Петербург, ул. Трудовая, 35, оф. 93"
71,71,Аникеева Лилия Ринатовна,+7 (928) 242-00-14,smannie1y@printfriendly.com,"644824, г. Омск, ул. Красная, 34, оф. 77"
72,72,Самославова Жанна Антоновна,+7 (925) 919-18-30,bpaxforde1z@linkedin.com,"603681, г. Нижний Новгород, ул. Солнечная, 11, оф. 100"
73,73,Фесенко Данил Игоревич,+7 (953) 716-94-43,rcoxen20@abc.net.au,"344187, г. Ростов-на-Дону, ул. Интернациональная, 28, оф. 72"
74,74,Ветрова Жанна Максимовна,+7 (962) 780-59-55,dboatman21@e-recht24.de,"426298, г. Ижевск, ул. Полевая, 16, оф. 90"
75,75,Батогова Лидия Владиславовна,+7 (987) 246-88-49,ebrader22@gnu.org,"644702, г. Омск, ул. Почтовая, 24, оф. 91"
76,76,Онисимов Илья Максимович,+7 (953) 457-16-27,skikke23@buzzfeed.com,"344952, г. Ростов-на-Дону, ул. Чапаева, 38, оф. 66"
77,77,Нездольцева Кристина Глебовна,+7 (928) 277-56-33,rpembridge24@icq.com,"450096, г. Уфа, ул. Железнодорожная, 17, оф. 65"
78,78,Булкова Кира Даниловна,+7 (951) 892-92-63,mhooban25@example.com,"443265, г. Самара, ул. Вишневая, 40, оф. 13"
79,79,Благовидова Ангелина Геннадьевна,+7 (993) 361-60-67,lurpeth26@godaddy.com,"450482, г. Уфа, ул. Весенняя, 26, оф. 83"
80,80,Парахин Дамир Рамилевич,+7 (994) 954-69-05,pcranmore27@macromedia.com,"450934, г. Уфа, ул. Родниковая, 17, оф. 23"
81,81,Уткина Валерия Станиславовна,+7 (908) 411-12-15,fplet28@cocolog-nifty.com,"625750, г. Тюмень, ул. Шоссейная, 27, оф. 97"
82,82,Самолетов Евгений Дамирович,+7 (952) 679-13-61,apinkie29@over-blog.com,"190248, г. Санкт-Петербург, ул. Спортивная, 13, оф. 8"
83,83,Абгарян Михаил Олегович,+7 (921) 306-93-84,cdumbare2a@tripod.com,"426681, г. Ижевск, ул. Энергетиков, 6, оф. 32"
84,84,Богатько Владимир Яковлев,+7 (917) 230-89-21,sdreossi2b@github.com,"344708, г. Ростов-на-Дону, ул. Спортивная, 16, оф. 98"
85,85,Харланов Георгий Юрьевич,+7 (951) 098-60-48,gschwandt2c@tripod.com,"625154, г. Тюмень, ул. Фрунзе, 30, оф. 17"
86,86,Шадрин Глеб Артемович,+7 (917) 022-24-99,skendell2d@cisco.com,"400752, г. Волгоград, ул. Юбилейная, 39, оф. 11"
87,87,Маклюков Денис Павлович,+7 (965) 559-80-40,ospiring2e@gravatar.com,"125177, г. Москва, ул. Весенняя, 30, оф. 19"
88,88,Хабирова Жанна Ильдаровна,+7 (921) 425-28-26,fdelves2f@elegantthemes.com,"660346, г. Красноярск, ул. Заречная, 46, оф. 61"
89,89,Самуйленков Глеб Евгеньевич,+7 (987) 885-23-28,bmoylan2g@flavors.me,"443091, г. Самара, ул. Молодежная, 17, оф. 99"
90,90,Финаева Полина Альбертовна,+7 (909) 037-01-03,nfeaks2h@slideshare.net,"443206, г. Самара, ул. Совхозная, 41, оф. 33"
91,91,Кочевин Радик Германович,+7 (992) 996-01-96,cdollen2i@taobao.com,"410933, г. Саратов, ул. Кирова, 20, оф. 26"
92,92,Черноморец Вячеслав Витальевич,+7 (933) 404-72-40,pantyukhin2j@google.com.br,"420461, г. Казань, ул. Гагарина, 23, оф. 30"
93,93,Подгаевский Валерий Павлович,+7 (992) 065-16-51,dstebles2k@walmart.com,"660276, г. Красноярск, ул. Железнодорожная, 18, оф. 100"
94,94,Парчевская Полина Григорьевна,+7 (936) 612-76-09,jcasely2l@chicagotribune.com,"614584, г. Пермь, ул. Первомайская, 49, оф. 44"
95,95,Глызина Алина Антоновна,+7 (918) 353-05-89,dyakubov2m@symantec.com,"420715, г. Казань, ул. Гагарина, 32, оф. 35"
96,96,Лукьянов Максим Игоревич,+7 (993) 485-89-72,htrahar2n@google.nl,"445786, г. Тольятти, ул. Свердлова, 34, оф. 61"
97,97,Суворкина Эльвира Евгеньевна,+7 (995) 894-62-26,akobiera2o@delicious.com,"454629, г. Челябинск, ул. Заречная, 20, оф. 43"
98,98,Титков Иван Егорович,+7 (982) 567-73-99,cathersmith2p@zdnet.com,"426608, г. Ижевск, ул. Совхозная, 42, оф. 4"
99,99,Галанкина Олеся Ринатовна,+7 (994) 640-48-70,yteeney2q@imdb.com,"426925, г. Ижевск, ул. Береговая, 49, оф. 10"
100,100,Арутюнова Яна Филипповна,+7 (930) 916-72-63,bhan2r@china.com.cn,"660461, г. Красноярск, ул. Труда, 20, оф. 15"
101,101,Бруев Марсель Андреевич,+7 (953) 045-29-61,sshemilt2s@va.gov,"630774, г. Новосибирск, ул. Пушкина, 2, оф. 27"
102,102,Копорушкин Евгений Ринатович,+7 (952) 459-49-13,jgatecliffe2t@squarespace.com,"614345, г. Пермь, ул. Озерная, 27, оф. 7"
103,103,Лучинский Станислав Маратович,+7 (960) 086-02-86,qcheccucci2u@51.la,"603775, г. Нижний Новгород, ул. Советская, 14, оф. 2"
104,104,Коховский Аркадий Антонович,+7 (952) 869-56-88,rpregal2v@tumblr.com,"400315, г. Волгоград, ул. Кирова, 11, оф. 17"
105,105,Александренкова Кристина Альбертовна,+7 (994) 539-68-95,hmelland2w@oracle.com,"400878, г. Волгоград, ул. Заводская, 30, оф. 78"
106,106,Абдюшев Игорь Филиппович,+7 (984) 697-75-07,fbillany2x@sourceforge.net,"630907, г. Новосибирск, ул. Калинина, 49, оф. 16"
107,107,Домовикова Марина Дамировна,+7 (965) 856-48-76,imcowan2y@blinklist.com,"426803, г. Ижевск, ул. Заречная, 6, оф. 95"
108,108,Сипягина Галина Юрьевна,+7 (971) 425-42-56,jmelmeth2z@usda.gov,"443553, г. Самара, ул. Солнечная, 26, оф. 53"
109,109,Григорий Алексей Леонидович,+7 (995) 984-77-92,cbussel30@list-manage.com,"394832, г. Воронеж, ул. Степная, 4, оф. 73"
110,110,Майко Дарья Юрьевна,+7 (994) 027-55-00,tseabon31@liveinternet.ru,"660477, г. Красноярск, ул. Майская, 6, оф. 74"
111,111,Бондоренко Константин Тимурович,+7 (939) 832-98-91,acamblin32@histats.com,"630056, г. Новосибирск, ул. Железнодорожная, 13, оф. 45"
112,112,Рушев Ян Юрьевич,+7 (966) 097-20-75,ewrotchford33@timesonline.co.uk,"660546, г. Красноярск, ул. Заводская, 13, оф. 45"
113,113,Мансимов Ян Евгеньевич,+7 (934) 695-67-97,hashmole34@pbs.org,"630912, г. Новосибирск, ул. Свободы, 19, оф. 67"
114,114,Медноногова Диана Павловна,+7 (916) 618-91-11,bwestrey35@hp.com,"420214, г. Казань, ул. Подгорная, 13, оф. 41"
115,115,Азимбакиев Анатолий Альбертович,+7 (996) 644-80-36,rsainer36@xinhuanet.com,"394937, г. Воронеж, ул. Чкалова, 36, оф. 91"
116,116,Зевахин Ярослав Ильич,+7 (924) 691-39-83,jburry37@mysql.com,"620387, г. Екатеринбург, ул. Механизаторов, 28, оф. 20"
117,117,Авандеева Алла Леонидовна,+7 (911) 493-85-64,creoch38@marketwatch.com,"620628, г. Екатеринбург, ул. Дзержинского, 24, оф. 64"
118,118,Кулумбетова Кира Даниловна,+7 (971) 215-23-87,agleasane39@nih.gov,"630647, г. Новосибирск, ул. Дачная, 30, оф. 88"
119,119,Аршавин Владислав Вадимович,+7 (978) 991-01-13,amaric3a@gizmodo.com,"394714, г. Воронеж, ул. Матросова, 43, оф. 99"
120,120,Вторушин Артем Дамирович,+7 (924) 013-02-00,dwilles3b@wired.com,"420025, г. Казань, ул. Нагорная, 17, оф. 64"
121,121,Бальбуров Руслан Витальевич,+7 (903) 547-50-75,hlongfellow3c@google.nl,"625140, г. Тюмень, ул. Трудовая, 33, оф. 49"
122,122,Беспоясный Эдуард Геннадьевич,+7 (960) 029-33-81,kgiacoboni3d@sfgate.com,"450952, г. Уфа, ул. Вишневая, 30, оф. 20"
123,123,Овсюк Дарья Станиславовна,+7 (981) 243-52-17,akellock3e@mashable.com,"350442, г. Краснодар, ул. 1 Мая, 9, оф. 21"
124,124,Зимникова Евгения Максимовна,+7 (992) 819-31-44,mhassewell3f@yelp.com,"450490, г. Уфа, ул. Центральная, 4, оф. 99"
125,125,Лошкарева Анжелика Робертовна,+7 (968) 442-39-49,dszepe3g@miibeian.gov.cn,"603821, г. Нижний Новгород, ул. Железнодорожная, 31, оф. 11"
126,126,Сермягин Вадим Дмитриевич,+7 (933) 120-18-07,kales3h@reuters.com,"603461, г. Нижний Новгород, ул. Подгорная, 23, оф. 42"
127,127,Котенин Максим Евгеньевич,+7 (931) 874-94-38,jzoppie3i@weibo.com,"426789, г. Ижевск, ул. Гагарина, 1, оф. 100"
128,128,Спорщиков Семен Денисович,+7 (969) 879-67-01,tweald3j@mediafire.com,"426946, г. Ижевск, ул. Южная, 4, оф. 1"
129,129,Подлесных Михаил Григорьевич,+7 (941) 507-22-78,ltschierasche3k@behance.net,"410539, г. Саратов, ул. Клубная, 24, оф. 30"
130,130,Павлюк Никита Тимурович,+7 (965) 343-46-10,ahagstone3l@technorati.com,"426781, г. Ижевск, ул. Светлая, 26, оф. 80"
131,131,Напольских Рамиль Тимурович,+7 (952) 038-46-65,kemmert3m@house.gov,"454012, г. Челябинск, ул. Шоссейная, 6, оф. 72"
132,132,Баранкеева Ирина Максимовна,+7 (938) 838-54-42,kmcnirlin3n@disqus.com,"394398, г. Воронеж, ул. Овражная, 14, оф. 94"
133,133,Реформатский Григорий Дамирович,+7 (916) 593-45-93,afrizzell3o@seattletimes.com,"443653, г. Самара, ул. Коммунистическая, 28, оф. 81"
134,134,Обнорская Ольга Альбертовна,+7 (920) 494-99-85,alevecque3p@wikimedia.org,"410451, г. Саратов, ул. Парковая, 47, оф. 53"
135,135,Канкрин Иван Марселевич,+7 (995) 777-62-15,tloxly3q@miibeian.gov.cn,"644865, г. Омск, ул. Луговая, 44, оф. 34"
136,136,Ермакова Александра Тимофеевна,+7 (996) 026-13-46,zdanbury3r@usnews.com,"350459, г. Краснодар, ул. Красноармейская, 37, оф. 67"
137,137,Самуйленков Виталий Марселевич,+7 (991) 047-44-84,jpavinese3s@dot.gov,"400490, г. Волгоград, ул. Парковая, 40, оф. 30"
138,138,Шайдулина Карина Робертовна,+7 (929) 868-98-41,jgenge3t@dyndns.org,"394568, г. Воронеж, ул. Почтовая, 4, оф. 9"
139,139,Верхоланцев Николай Артурович,+7 (986) 919-13-35,bparlour3u@chronoengine.com,"420133, г. Казань, ул. Речная, 17, оф. 84"
140,140,Больших Надежда Сергеевна,+7 (904) 197-34-45,fgraddon3v@imgur.com,"190924, г. Санкт-Петербург, ул. Пролетарская, 1, оф. 75"
141,141,Баберкин Василий Анатольевич,+7 (930) 755-95-73,ogracey3w@mashable.com,"420974, г. Казань, ул. Родниковая, 3, оф. 98"
142,142,Праздник Аркадий Кириллович,+7 (903) 306-45-08,pgeake3x@blog.com,"394885, г. Воронеж, ул. Трактовая, 17, оф. 17"
143,143,Побединская Анжелика Егоровна,+7 (978) 915-42-39,jwhitehair3y@foxnews.com,"614637, г. Пермь, ул. Железнодорожная, 1, оф. 73"
144,144,Боренко Герман Радикович,+7 (986) 833-11-44,ymingotti3z@mapquest.com,"603684, г. Нижний Новгород, ул. Московская, 28, оф. 90"
145,145,Озиридов Герман Альбертович,+7 (982) 075-15-89,pchurchard40@cisco.com,"350544, г. Краснодар, ул. Овражная, 23, оф. 67"
146,146,Шевлякова Полина Вячеславовна,+7 (964) 116-95-53,dianinotti41@cbsnews.com,"445259, г. Тольятти, ул. Полевая, 4, оф. 19"
147,147,Мальнева Елизавета Григорьевна,+7 (922) 502-77-53,dmansfield42@seattletimes.com,"445749, г. Тольятти, ул. 8 Марта, 30, оф. 19"
148,148,Белобров Валерий Глебович,+7 (910) 276-11-90,kdurnan43@acquirethisname.com,"125911, г. Москва, ул. Центральная, 41, оф. 57"
149,149,Корсакова Елена Руслановна,+7 (958) 913-01-55,mde44@multiply.com,"443222, г. Самара, ул. Совхозная, 24, оф. 37"
150,150,Москвитинова Дарья Рамилевна,+7 (939) 989-50-66,ghayto45@npr.org,"644653, г. Омск, ул. Степная, 14, оф. 17"
151,151,Миримская Анна Федоровна,+7 (906) 576-89-20,kpopplewell46@facebook.com,"603914, г. Нижний Новгород, ул. Мичурина, 13, оф. 81"
152,152,Матковский Марсель Ефимович,+7 (983) 983-84-30,koxborrow47@nhs.uk,"394797, г. Воронеж, ул. Красная, 21, оф. 96"
153,153,Юкова Карина Ивановна,+7 (952) 003-02-85,jbarsham48@cdbaby.com,"125052, г. Москва, ул. Вишневая, 37, оф. 66"
154,154,Долголев Роберт Семенович,+7 (921) 821-48-93,rgarbutt49@networksolutions.com,"410252, г. Саратов, ул. Красная, 41, оф. 7"
155,155,Братищенко Вадим Глебович,+7 (952) 735-83-67,misaacs4a@pinterest.com,"454245, г. Челябинск, ул. Шоссейная, 4, оф. 78"
156,156,Квочкина Марина Ильдаровна,+7 (929) 721-46-14,ejeanes4b@alibaba.com,"443513, г. Самара, ул. Колхозная, 6, оф. 89"
157,157,Аталян Геннадий Аркадьевич,+7 (968) 418-15-81,idhillon4c@discuz.net,"125322, г. Москва, ул. Чапаева, 7, оф. 21"
158,158,Рашковский Станислав Маратович,+7 (918) 254-13-34,tmusla4d@weibo.com,
159,159,Алексанова Кира Ринатовна,+7 (930) 041-94-24,cartz4e@prweb.com,"400973, г. Волгоград, ул. Рабочая, 47, оф. 25"
160,160,Башлачев Василий Максимович,+7 (934) 563-01-67,lingley4f@google.de,"400318, г. Волгоград, ул. Свердлова, 7, оф. 39"
161,161,Темирязева Алиса Семеновна,+7 (904) 360-73-26,czimmermanns4g@csmonitor.com,"620800, г. Екатеринбург, ул. Луговая, 7, оф. 50"
162,162,Шишебарова Лилия Робертовна,+7 (920) 289-94-46,ojeanenet4h@xrea.com,"450961, г. Уфа, ул. Красная, 30, оф. 77"
163,163,Ханыгина Альбина Георгиевна,+7 (967) 181-03-50,shaseley4i@blogspot.com,"350508, г. Краснодар, ул. Спортивная, 17, оф. 98"
164,164,Храковская Полина Степановна,+7 (914) 823-59-03,cslarke4j@europa.eu,"450113, г. Уфа, ул. Пионерская, 45, оф. 62"
165,165,Бахрушкин Яков Денисович,+7 (967) 013-24-47,dgillyett4k@dailymail.co.uk,"625292, г. Тюмень, ул. Ленина, 31, оф. 40"
166,166,Цацкин Александр Станиславович,+7 (917) 523-69-14,olindblom4l@aboutads.info,"426340, г. Ижевск, ул. Красная, 3, оф. 49"
167,167,Минцлов Максим Григорьевич,+7 (987) 702-18-45,soxborough4m@digg.com,"420580, г. Казань, ул. Подгорная, 1, оф. 86"
168,168,Цвиркунов Эдуард Олегович,+7 (919) 041-26-29,aesslement4n@biglobe.ne.jp,"603937, г. Нижний Новгород, ул. Набережная, 43, оф. 47"
169,169,Пустыльник Иван Ильич,+7 (922) 741-89-64,sjurges4o@hud.gov,"443636, г. Самара, ул. Западная, 20, оф. 84"
170,170,Базильчук Геннадий Сергеевич,+7 (932) 722-25-47,jmaciejak4p@dot.gov,"630508, г. Новосибирск, ул. Верхняя, 49, оф. 85"
171,171,Кокоев Борис Янович,+7 (900) 029-96-92,abrandrick4q@biblegateway.com,"454468, г. Челябинск, ул. 1 Мая, 13, оф. 97"
172,172,Лемешко Раиса Альбертовна,+7 (988) 374-69-72,afrogley4r@is.gd,"400027, г. Волгоград, ул. Майская, 17, оф. 44"
173,173,Церовитинова Жанна Руслановна,+7 (937) 107-28-38,kdummer4s@altervista.org,"400361, г. Волгоград, ул. Строительная, 35, оф. 5"
174,174,Кутейщиков Никита Дмитриевич,+7 (920) 730-99-48,rhanham4t@a8.net,"614787, г. Пермь, ул. Северная, 38, оф. 35"
175,175,Владиславский Роберт Максимович,+7 (970) 365-42-87,lpillinger4u@com.com,"625634, г. Тюмень, ул. Светлая, 1, оф. 58"
176,176,Сыроварова Вероника Константиновна,+7 (993) 592-34-81,ppeaddie4v@google.com.br,"426074, г. Ижевск, ул. Некрасова, 42, оф. 91"
177,177,Тетерев Андрей Ильдарович,+7 (909) 288-82-33,pwillarton4w@cornell.edu,"450788, г. Уфа, ул. Цветочная, 45, оф. 26"
178,178,Калабашкин Глеб Олегович,+7 (925) 444-07-75,alendon4x@4shared.com,"454852, г. Челябинск, ул. Вокзальная, 4, оф. 77"
179,179,Маграчев Никита Янович,+7 (997) 585-51-69,ielix4y@newyorker.com,"454107, г. Челябинск, ул. Юбилейная, 34, оф. 13"
180,180,Микешина Александра Ильдаровна,+7 (997) 118-27-98,bdenniss4z@woothemes.com,"410865, г. Саратов, ул. Комарова, 26, оф. 50"
181,181,Манасеина Гульнара Степановна,+7 (956) 363-37-12,wpickston50@examiner.com,"454701, г. Челябинск, ул. Красная, 50, оф. 95"
182,182,Сарыев Владислав Тимофеевич,+7 (978) 622-56-08,amcwhorter51@creativecommons.org,"443420, г. Самара, ул. Гагарина, 9, оф. 13"
183,183,Антюхина Инна Васильевна,+7 (983) 803-31-07,jspalton52@cnet.com,"625228, г. Тюмень, ул. Коммунистическая, 34, оф. 97"
184,184,Сухонырин Роберт Евгеньевич,+7 (910) 645-41-58,hskillern53@i2i.jp,"630986, г. Новосибирск, ул. Шоссейная, 29, оф. 29"
185,185,Шпажинская Эльмира Владиславовна,+7 (951) 253-00-96,mscutcheon54@webeden.co.uk,"394555, г. Воронеж, ул. Труда, 35, оф. 27"
186,186,Журович Эльвира Ярославовна,+7 (903) 980-45-73,bcrackel55@constantcontact.com,"620369, г. Екатеринбург, ул. Верхняя, 17, оф. 32"
187,187,Первышин Яков Викторович,+7 (933) 176-31-63,rgieves56@facebook.com,"630251, г. Новосибирск, ул. Кооперативная, 25, оф. 12"
188,188,Лозюк Надежда Георгиевна,+7 (983) 598-67-65,cspykins57@kickstarter.com,"410202, г. Саратов, ул. Комсомольская, 19, оф. 96"
189,189,Адодурова Анна Глебовна,+7 (955) 340-17-58,ksweetmore58@github.io,"620005, г. Екатеринбург, ул. Речная, 19, оф. 34"
190,190,Кудрявский Виктор Артурович,+7 (997) 927-67-87,wkelling59@chicagotribune.com,"400020, г. Волгоград, ул. Восточная, 37, оф. 41"
191,191,Сосина Диана Викторовна,+7 (950) 975-64-74,lalbasiny5a@dion.ne.jp,"190834, г. Санкт-Петербург, ул. Родниковая, 44, оф. 6"
192,192,Бельчева Маргарита Станиславовна,+7 (980) 856-13-26,amccoll5b@123-reg.co.uk,"443673, г. Самара, ул. Строительная, 47, оф. 37"
193,193,Порываев Аркадий Борисович,+7 (910) 097-86-50,gmoylan5c@alibaba.com,"603349, г. Нижний Новгород, ул. Строительная, 11, оф. 55"
194,194,Амвросьев Артур Олегович,+7 (962) 190-98-20,edoughty5d@g.co,"614978, г. Пермь, ул. Родниковая, 19, оф. 73"
195,195,Баранцев Тимур Николаевич,+7 (997) 874-53-03,ssimao5e@1688.com,"443771, г. Самара, ул. Горная, 5, оф. 57"
196,196,Рамаданова Юлия Ильдаровна,+7 (954) 805-08-52,ogreenard5f@yale.edu,"350048, г. Краснодар, ул. Вокзальная, 15, оф. 56"
197,197,Бланк Степан Леонидович,+7 (962) 823-48-20,bhembrow5g@dell.com,"394118, г. Воронеж, ул. Мичурина, 21, оф. 47"
198,198,Ахмаров Петр Андреевич,+7 (901) 712-75-75,nbaildon5h@quantcast.com,"410268, г. Саратов, ул. Маяковского, 42, оф. 87"
199,199,Ардалионов Геннадий Борисович,+7 (902) 022-10-08,msnookes5i@who.int,"426957, г. Ижевск, ул. Луговая, 35, оф. 14"
200,200,Головенко Яна Аркадьевна,+7 (923) 831-85-42,dmacknish5j@bluehost.com,"350030, г. Краснодар, ул. Восточная, 22, оф. 3"
201,201,Балаганский Владимир Ефимович,+7 (982) 761-86-10,cclimpson5k@twitter.com,"625044, г. Тюмень, ул. Московская, 4, оф. 12"
202,202,Коптелова Ангелина Рамилевна,+7 (931) 279-26-29,sstroband5l@stumbleupon.com,"454838, г. Челябинск, ул. Березовая, 20, оф. 47"
203,203,Алдонина Елена Константиновна,+7 (934) 998-84-02,agolland5m@answers.com,"660678, г. Красноярск, ул. Дзержинского, 8, оф. 97"
204,204,Карлов Андрей Витальевич,+7 (966) 717-75-17,btreece5n@bloglines.com,"630934, г. Новосибирск, ул. Трудовая, 49, оф. 72"
205,205,Маскин Семен Артурович,+7 (916) 296-05-75,nfleeming5o@yahoo.com,"660059, г. Красноярск, ул. Куйбышева, 43, оф. 36"
206,206,Мураховский Василий Рамилевич,+7 (950) 336-99-45,cbalcock5p@stanford.edu,"644084, г. Омск, ул. Совхозная, 10, оф. 1"
207,207,Марьин Тимофей Рамилевич,+7 (984) 940-60-59,pewdale5q@netvibes.com,"344950, г. Ростов-на-Дону, ул. Нагорная, 28, оф. 49"
208,208,Ясногорская Раиса Алексеевна,+7 (960) 388-97-44,miacobucci5r@independent.co.uk,"420111, г. Казань, ул. Садовая, 9, оф. 20"
209,209,Бааль Игорь Антонович,+7 (918) 527-44-06,rheiton5s@bbb.org,"125524, г. Москва, ул. Комсомольская, 23, оф. 87"
210,210,Савельева Раиса Эдуардовна,+7 (923) 991-15-82,abottinelli5t@bigcartel.com,"644145, г. Омск, ул. 8 Марта, 49, оф. 26"
211,211,Вахов Иван Владиславович,+7 (925) 813-99-36,psizeland5u@opensource.org,"443581, г. Самара, ул. Школьная, 2, оф. 18"
212,212,Новосильцов Ильдар Артурович,+7 (920) 511-68-77,freedyhough5v@usgs.gov,"426634, г. Ижевск, ул. Московская, 1, оф. 80"
213,213,Инякова Виктория Егоровна,+7 (909) 015-12-11,bjepps5w@lycos.com,"344449, г. Ростов-на-Дону, ул. Лермонтова, 36, оф. 47"
214,214,Ламзин Валентин Дмитриевич,+7 (952) 326-57-93,bgopsill5x@is.gd,"603423, г. Нижний Новгород, ул. Механизаторов, 42, оф. 97"
215,215,Апусев Вадим Дмитриевич,+7 (926) 075-54-99,ghuncote5y@accuweather.com,"426296, г. Ижевск, ул. Коммунистическая, 38, оф. 87"
216,216,Юрик Евгений Тимофеевич,+7 (955) 863-80-20,agodby5z@foxnews.com,"454459, г. Челябинск, ул. Комарова, 34, оф. 34"
217,217,Елсакова Эльвира Ильдаровна,+7 (924) 215-59-06,gdunster60@google.co.uk,"443783, г. Самара, ул. Мичурина, 3, оф. 55"
218,218,Унжаков Егор Валерьевич,+7 (965) 899-59-72,cmurby61@icio.us,"603506, г. Нижний Новгород, ул. Красная, 16, оф. 29"
219,219,Сабанцев Ефим Максимович,+7 (954) 210-47-61,epadefield62@indiegogo.com,"603072, г. Нижний Новгород, ул. Свердлова, 45, оф. 3"
220,220,Ерешко Надежда Эдуардовна,+7 (966) 810-61-81,hweeden63@timesonline.co.uk,"450702, г. Уфа, ул. Свердлова, 29, оф. 40"
221,221,Коробейник Екатерина Борисовна,+7 (900) 613-19-27,ajanuszewski64@domainmarket.com,"660029, г. Красноярск, ул. Чехова, 35, оф. 78"
222,222,Пергаменщикова Лариса Денисовна,+7 (933) 784-34-16,kmcivor65@4shared.com,"630178, г. Новосибирск, ул. Труда, 24, оф. 64"
223,223,Сундаков Семен Ильдарович,+7 (903) 593-71-04,vhillyatt66@unc.edu,"420622, г. Казань, ул. Карла Маркса, 12, оф. 7"
224,224,Гантамиров Данил Робертович,+7 (960) 669-28-01,jsillwood67@yellowpages.com,"344212, г. Ростов-на-Дону, ул. Набережная, 40, оф. 42"
225,225,Инина Виктория Радиковна,+7 (922) 047-72-87,rbordes68@yellowbook.com,"443958, г. Самара, ул. Комарова, 49, оф. 33"
226,226,Токарь Элина Андреевна,+7 (966) 609-34-92,ggronowe69@nasa.gov,"426247, г. Ижевск, ул. Мира, 9, оф. 40"
227,227,Калыгин Никита Артемович,+7 (919) 195-29-51,jpassfield6a@intel.com,"443902, г. Самара, ул. Чкалова, 30, оф. 22"
228,228,Кокшенова Алина Никитовна,+7 (987) 232-74-40,tpetrozzi6b@dropbox.com,"190537, г. Санкт-Петербург, ул. Интернациональная, 1, оф. 25"
229,229,Лаверко Ольга Руслановна,+7 (911) 812-12-20,jvasler6c@kickstarter.com,"420876, г. Казань, ул. Железнодорожная, 26, оф. 36"
230,230,Замиховский Валерий Леонидович,+7 (941) 855-08-21,smuddicliffe6d@mit.edu,"454024, г. Челябинск, ул. Интернациональная, 1, оф. 24"
231,231,Нерман Алла Робертовна,+7 (988) 823-09-46,bnelissen6e@paypal.com,"190794, г. Санкт-Петербург, ул. Колхозная, 36, оф. 48"
232,232,Маркова Кристина Дмитриевна,+7 (950) 582-23-82,rcastellani6f@sfgate.com,"420651, г. Казань, ул. Свободы, 2, оф. 40"
233,233,Хонинов Борис Тимофеевич,+7 (984) 538-78-93,mdoles6g@cnn.com,"630885, г. Новосибирск, ул. Береговая, 7, оф. 66"
234,234,Арлазоров Эдуард Вадимович,+7 (992) 304-06-61,scastanos6h@marketwatch.com,"450568, г. Уфа, ул. Майская, 21, оф. 97"
235,235,Поликахина Галина Романовна,+7 (984) 513-24-09,slenormand6i@usnews.com,"644743, г. Омск, ул. Западная, 4, оф. 89"
236,236,Есенков Евгений Геннадьевич,+7 (910) 492-49-13,dlapley6j@php.net,"630003, г. Новосибирск, ул. Речная, 46, оф. 24"
237,237,Бычников Антон Петрович,+7 (989) 723-83-84,csmithson6k@nationalgeographic.com,"450577, г. Уфа, ул. Дорожная, 8, оф. 12"
238,238,Горошников Вячеслав Марселевич,+7 (969) 691-87-01,hleith6l@blogger.com,"660077, г. Красноярск, ул. Сосновая, 29, оф. 15"
239,239,Клитина Екатерина Ильинична,+7 (915) 374-88-71,cboyes6m@unblog.fr,"644006, г. Омск, ул. Дружбы, 30, оф. 54"
240,240,Желтышев Юрий Маратович,+7 (970) 855-89-85,gforsdicke6n@youtu.be,"190745, г. Санкт-Петербург, ул. Светлая, 22, оф. 40"
241,241,Бакеев Ефим Васильевич,+7 (934) 188-03-64,aarnauduc6o@soundcloud.com,"125217, г. Москва, ул. Заводская, 49, оф. 26"
242,242,Краснушкина Евгения Максимовна,+7 (927) 147-07-08,kleavey6p@paypal.com,"603002, г. Нижний Новгород, ул. Рабочая, 9, оф. 78"
243,243,Рябенко Григорий Филиппович,+7 (909) 847-06-58,jrowlin6q@goo.ne.jp,"400040, г. Волгоград, ул. Маяковского, 47, оф. 28"
244,244,Хаханов Василий Радикович,+7 (916) 540-76-04,rmoles6r@sun.com,"400985, г. Волгоград, ул. Садовая, 26, оф. 56"
245,245,Жиркова Елизавета Константиновна,+7 (905) 623-04-06,mmcgaraghan6s@xing.com,"400387, г. Волгоград, ул. Строительная, 39, оф. 4"
246,246,Спекторский Валентин Сергеевич,+7 (919) 427-58-16,rmarriner6t@blogs.com,"394891, г. Воронеж, ул. Дзержинского, 33, оф. 94"
247,247,Парфешина Диана Тимуровна,+7 (999) 073-07-54,wjosowitz6u@bbc.co.uk,"660786, г. Красноярск, ул. Весенняя, 25, оф. 83"
248,248,Забагонская Карина Артемовна,+7 (989) 800-79-64,jzettler6v@guardian.co.uk,"394051, г. Воронеж, ул. Фрунзе, 15, оф. 15"
249,249,Даценко Дарья Ильинична,+7 (932) 897-63-21,bjenney6w@sciencedaily.com,"426709, г. Ижевск, ул. Пролетарская, 37, оф. 97"
250,250,Степчук Альбина Германовна,+7 (952) 364-53-79,amazella6x@google.cn,"443346, г. Самара, ул. Калинина, 7, оф. 41"
251,251,Марцина Валерия Геннадьевна,+7 (966) 966-70-15,jcreaser6y@uol.com.br,"400326, г. Волгоград, ул. Родниковая, 29, оф. 16"
252,252,Локтанова Александра Владимировна,+7 (934) 143-64-43,hmorriss6z@hc360.com,"620330, г. Екатеринбург, ул. 8 Марта, 45, оф. 59"
253,253,Крапивьянский Семен Вячеславович,+7 (964) 089-99-42,vvousden70@intel.com,"445159, г. Тольятти, ул. Рабочая, 8, оф. 81"
254,254,Норко Анастасия Валерьевна,+7 (968) 713-79-82,estealfox71@imdb.com,"450002, г. Уфа, ул. Мичурина, 47, оф. 62"
255,255,Левкович Андрей Яковлев,+7 (978) 948-88-09,scregin72@msn.com,"410797, г. Саратов, ул. Сосновая, 21, оф. 60"
256,256,Ольденбургский Антон Артурович,+7 (934) 298-67-09,hdybald73@mediafire.com,"625552, г. Тюмень, ул. Парковая, 39, оф. 5"
257,257,Клепачев Николай Степанович,+7 (910) 913-81-84,ncaws74@va.gov,"426314, г. Ижевск, ул. Горького, 32, оф. 54"
258,258,Фоменко Анна Дмитриевна,+7 (909) 945-84-82,ctyrer75@infoseek.co.jp,"614037, г. Пермь, ул. Коммунистическая, 43, оф. 39"
259,259,Куличева Надежда Ивановна,+7 (964) 489-33-05,raddicott76@salon.com,"125626, г. Москва, ул. Красноармейская, 8, оф. 60"
260,260,Табашников Рамиль Леонидович,+7 (962) 832-06-90,llehrer77@topsy.com,"454028, г. Челябинск, ул. Дзержинского, 32, оф. 61"
261,261,Пафомова Светлана Вячеславовна,+7 (920) 014-44-42,wnijs78@bloglovin.com,"445619, г. Тольятти, ул. Энергетиков, 43, оф. 67"
262,262,Деревянных Иван Альбертович,+7 (996) 238-99-01,skildale79@hud.gov,"603059, г. Нижний Новгород, ул. Степная, 44, оф. 57"
263,263,Папаева Александра Валерьевна,+7 (995) 963-13-90,btrevethan7a@indiegogo.com,"450070, г. Уфа, ул. Советская, 18, оф. 19"
264,264,Балахтина Дарья Маратовна,+7 (925) 936-55-85,bstickells7b@i2i.jp,"454673, г. Челябинск, ул. Кирова, 4, оф. 81"
265,265,Рафик Инна Константиновна,+7 (909) 459-28-92,cham7c@topsy.com,"394272, г. Воронеж, ул. Школьная, 46, оф. 8"
266,266,Ромашин Ян Янович,+7 (970) 649-98-65,bkees7d@1und1.de,"625147, г. Тюмень, ул. Садовая, 48, оф. 58"
267,267,Станиславская Инна Тимуровна,+7 (994) 292-53-05,dyearnes7e@vk.com,"190111, г. Санкт-Петербург, ул. Ленина, 10, оф. 46"
268,268,Галченкова Инна Константиновна,+7 (964) 498-64-01,radlem7f@netvibes.com,"344802, г. Ростов-на-Дону, ул. Лермонтова, 17, оф. 46"
269,269,Елишин Сергей Владиславович,+7 (924) 335-40-35,tpogosian7g@archive.org,"620359, г. Екатеринбург, ул. Комарова, 2, оф. 9"
270,270,Здрецова Гульнара Радиковна,+7 (961) 944-52-46,aklempke7h@youtu.be,"394709, г. Воронеж, ул. Заводская, 2, оф. 57"
271,271,Дуфин Филипп Эдуардович,+7 (955) 786-42-00,dwilcox7i@army.mil,"660653, г. Красноярск, ул. Полевая, 34, оф. 47"
272,272,Дежнева Ксения Степановна,+7 (970) 772-91-95,fcragell7j@slashdot.org,"350103, г. Краснодар, ул. Центральная, 48, оф. 92"
273,273,Гетман Елизавета Яновна,+7 (921) 741-18-29,cherculson7k@cnn.com,"454750, г. Челябинск, ул. Центральная, 27, оф. 70"
274,274,Киловатов Яков Олегович,+7 (995) 109-82-39,bgreenalf7l@wordpress.org,"625717, г. Тюмень, ул. Карла Маркса, 47, оф. 77"
275,275,Лакашина Лариса Ивановна,+7 (988) 898-44-75,dghilks7m@telegraph.co.uk,"410034, г. Саратов, ул. Горная, 30, оф. 24"
276,276,Алексахин Алексей Григорьевич,+7 (918) 022-26-52,bspeirs7n@independent.co.uk,"445097, г. Тольятти, ул. Колхозная, 34, оф. 16"
277,277,Яронская Любовь Никитовна,+7 (921) 835-76-52,cdovydenas7o@toplist.cz,"344079, г. Ростов-на-Дону, ул. Новая, 35, оф. 12"
278,278,Шляпкина Евгения Александровна,+7 (908) 898-16-54,bciobotaru7p@tripod.com,"603377, г. Нижний Новгород, ул. Спортивная, 39, оф. 51"
279,279,Ефимочкина Эльмира Михаиловна,+7 (985) 027-86-39,ide7q@spotify.com,"445685, г. Тольятти, ул. Солнечная, 35, оф. 73"
280,280,Магнитский Игорь Ринатович,+7 (931) 213-18-70,achisolm7r@phpbb.com,"420884, г. Казань, ул. Чкалова, 41, оф. 32"
281,281,Профатилова Наталья Артемовна,+7 (917) 062-18-51,arosenfeld7s@netscape.com,"420675, г. Казань, ул. Дачная, 27, оф. 64"
282,282,Сторожевская Ольга Даниловна,+7 (963) 299-81-26,tpedwell7t@huffingtonpost.com,"660392, г. Красноярск, ул. Озерная, 24, оф. 30"
283,283,Кишенька Светлана Радиковна,+7 (911) 997-39-37,sfearnside7u@myspace.com,"190408, г. Санкт-Петербург, ул. Береговая, 5, оф. 12"
284,284,Марасанова Алла Рамилевна,+7 (964) 345-07-28,rclail7v@simplemachines.org,"620569, г. Екатеринбург, ул. Шоссейная, 33, оф. 5"
285,285,Строгальщиков Дамир Филиппович,+7 (965) 386-98-63,awhorf7w@studiopress.com,"445720, г. Тольятти, ул. Степная, 15, оф. 82"
286,286,Тимошевич Филипп Тимурович,+7 (977) 842-40-39,cberthe7x@aol.com,"450286, г. Уфа, ул. Восточная, 29, оф. 63"
287,287,Яфарова Кристина Кирилловна,+7 (977) 460-95-48,glampert7y@nhs.uk,"450155, г. Уфа, ул. Красная, 22, оф. 52"
288,288,Алабышева Галина Сергеевна,+7 (955) 406-88-02,macreman7z@reddit.com,"620795, г. Екатеринбург, ул. Ленина, 43, оф. 53"
289,289,Адажаев Юрий Владимирович,+7 (978) 015-43-21,pgoggin80@illinois.edu,"190322, г. Санкт-Петербург, ул. Южная, 50, оф. 32"
290,290,Тетивкин Никита Семенович,+7 (910) 423-99-64,mdumphreys81@umn.edu,"644194, г. Омск, ул. Гоголя, 8, оф. 61"
291,291,Недосказова Кристина Ивановна,+7 (929) 463-50-84,nbasillon82@si.edu,"454939, г. Челябинск, ул. Юбилейная, 45, оф. 26"
292,292,Сабеева Валентина Артуровна,+7 (970) 573-34-89,bfearnley83@godaddy.com,"410795, г. Саратов, ул. Лесная, 7, оф. 34"
293,293,Поликарова Алина Яновна,+7 (903) 504-35-93,lstilldale84@de.vu,"620277, г. Екатеринбург, ул. Вишневая, 21, оф. 1"
294,294,Шевко Светлана Германовна,+7 (966) 421-91-50,kalgate85@psu.edu,"350814, г. Краснодар, ул. Новая, 11, оф. 5"
295,295,Кедрин Степан Валентинович,+7 (903) 304-61-05,eblumson86@disqus.com,"443542, г. Самара, ул. Лермонтова, 29, оф. 25"
296,296,Буйнакская Яна Григорьевна,+7 (929) 718-02-84,rseaton87@eepurl.com,"350942, г. Краснодар, ул. 1 Мая, 48, оф. 62"
297,297,Ляпшина Лилия Степановна,+7 (937) 704-11-37,cpfeffer88@cbslocal.com,"625324, г. Тюмень, ул. Лермонтова, 32, оф. 21"
298,298,Гандлевский Олег Ринатович,+7 (927) 936-58-96,zclaisse89@bigcartel.com,"125643, г. Москва, ул. Овражная, 11, оф. 35"
299,299,Бухарев Виталий Борисович,+7 (924) 891-78-68,rlunam8a@t.co,"344310, г. Ростов-на-Дону, ул. Совхозная, 45, оф. 94"
300,300,Красноносов Вячеслав Вадимович,+7 (941) 059-41-47,nkusick8b@liveinternet.ru,"630322, г. Новосибирск, ул. Октябрьская, 14, оф. 63"
301,301,Иконникова Ангелина Георгиевна,+7 (912) 667-67-69,sedworthy8c@altervista.org,"644510, г. Омск, ул. Заречная, 11, оф. 24"
302,302,Абалакина Людмила Аркадьевна,+7 (992) 745-92-28,mverheyden8d@columbia.edu,"426876, г. Ижевск, ул. Береговая, 35, оф. 59"
303,303,Набиева Виктория Семеновна,+7 (931) 131-23-56,dsmitheman8e@posterous.com,"443650, г. Самара, ул. Шоссейная, 43, оф. 22"
304,304,Гомбоев Вадим Русланович,+7 (919) 258-30-51,jbatterham8f@comsenz.com,"450107, г. Уфа, ул. Молодежная, 22, оф. 78"
305,305,Хабалова Маргарита Тимофеевна,+7 (961) 619-77-71,awehner8g@unblog.fr,"660304, г. Красноярск, ул. Речная, 10, оф. 19"
306,306,Иринеева Любовь Робертовна,+7 (965) 187-45-05,mgurys8h@apache.org,"420297, г. Казань, ул. Матросова, 34, оф. 47"
307,307,Щепин Федор Григорьевич,+7 (952) 850-29-96,rrickell8i@cmu.edu,"454957, г. Челябинск, ул. Московская, 19, оф. 26"
308,308,Волкогонова Кира Геннадьевна,+7 (968) 674-72-86,tkinny8j@narod.ru,"450066, г. Уфа, ул. Западная, 40, оф. 61"
309,309,Самохоткин Марсель Романович,+7 (967) 355-02-54,tpollins8k@slideshare.net,"630860, г. Новосибирск, ул. Лесная, 8, оф. 11"
310,310,Выводцев Тимур Альбертович,+7 (931) 612-36-27,kludovico8l@npr.org,"445333, г. Тольятти, ул. Светлая, 4, оф. 53"
311,311,Богров Степан Дамирович,+7 (953) 865-23-10,zrosle8m@npr.org,"630406, г. Новосибирск, ул. Партизанская, 30, оф. 46"
312,312,Авдонова Анжелика Михаиловна,+7 (989) 470-63-53,fgledstane8n@zdnet.com,"420965, г. Казань, ул. Школьная, 10, оф. 34"
313,313,Чечуев Игорь Русланович,+7 (954) 965-71-88,mgravatt8o@cargocollective.com,"445116, г. Тольятти, ул. Интернациональная, 20, оф. 78"
314,314,Бимирзина Лариса Олеговна,+7 (913) 326-72-20,aalbasini8p@usa.gov,"420961, г. Казань, ул. Клубная, 34, оф. 30"
315,315,Лиходеев Альберт Владимирович,+7 (906) 584-68-39,loakenfall8q@sbwire.com,"454820, г. Челябинск, ул. Некрасова, 8, оф. 47"
316,316,Огарев Кирилл Вадимович,+7 (969) 990-34-36,mevamy8r@answers.com,"620100, г. Екатеринбург, ул. Вокзальная, 9, оф. 1"
317,317,Бурлова Эльвира Степановна,+7 (958) 192-96-43,edysert8s@weebly.com,"445405, г. Тольятти, ул. Механизаторов, 46, оф. 49"
318,318,Шершавина Татьяна Артуровна,+7 (967) 676-24-29,gfortesquieu8t@slate.com,"350291, г. Краснодар, ул. Садовая, 25, оф. 2"
319,319,Тужилин Игорь Денисович,+7 (911) 674-97-83,nbadini8u@netlog.com,"620467, г. Екатеринбург, ул. Матросова, 26, оф. 61"
320,320,Сеглин Алексей Кириллович,+7 (965) 953-16-00,ngleeson8v@telegraph.co.uk,"443016, г. Самара, ул. Кооперативная, 27, оф. 24"
321,321,Овдина Дарья Михаиловна,+7 (918) 449-08-31,mboustead8w@ihg.com,"644279, г. Омск, ул. Фрунзе, 20, оф. 26"
322,322,Надеев Геннадий Маратович,+7 (987) 722-49-04,ktythacott8x@dailymotion.com,"420610, г. Казань, ул. Мира, 31, оф. 27"
323,323,Ицкова Римма Александровна,+7 (918) 897-88-24,xsomerscales8y@about.com,"603398, г. Нижний Новгород, ул. Северная, 46, оф. 61"
324,324,Квашин Валентин Антонович,+7 (988) 091-74-09,tjoul8z@miibeian.gov.cn,"445800, г. Тольятти, ул. Родниковая, 29, оф. 83"
325,325,Бахчеван Эдуард Эдуардович,+7 (917) 543-41-12,cthornbarrow90@bloomberg.com,"125115, г. Москва, ул. Солнечная, 12, оф. 29"
326,326,Шелагин Анатолий Филиппович,+7 (989) 108-17-98,fsartin91@marketwatch.com,"190518, г. Санкт-Петербург, ул. Дачная, 22, оф. 90"
327,327,Олялин Герман Глебович,+7 (963) 294-16-14,gcostard92@twitpic.com,"426034, г. Ижевск, ул. Комсомольская, 10, оф. 8"
328,328,Кесаева Тамара Петровна,+7 (996) 701-49-88,kstarkie93@angelfire.com,"426504, г. Ижевск, ул. Строительная, 17, оф. 16"
329,329,Бумин Герман Ильдарович,+7 (981) 482-23-67,mbentzen94@icio.us,"190438, г. Санкт-Петербург, ул. Западная, 24, оф. 40"
330,330,Руфанова Альбина Егоровна,+7 (933) 208-09-96,umceachern95@yolasite.com,"625917, г. Тюмень, ул. Полевая, 43, оф. 98"
331,331,Маньковский Ефим Сергеевич,+7 (962) 576-48-75,kstickley96@springer.com,"625319, г. Тюмень, ул. Пролетарская, 40, оф. 94"
332,332,Самосенко Татьяна Тимофеевна,+7 (964) 628-26-94,mgumary97@state.tx.us,"394903, г. Воронеж, ул. Совхозная, 18, оф. 24"
333,333,Шаршавый Семен Олегович,+7 (941) 594-55-31,talban98@webeden.co.uk,"630126, г. Новосибирск, ул. Дачная, 24, оф. 78"
334,334,Яблуновский Марат Владимирович,+7 (952) 667-36-07,bdowning99@bandcamp.com,"350060, г. Краснодар, ул. Энергетиков, 13, оф. 29"
335,335,Козырская Лидия Михаиловна,+7 (966) 896-43-50,dwork9a@vinaora.com,"400194, г. Волгоград, ул. Комсомольская, 44, оф. 42"
336,336,Манишина Дарья Борисовна,+7 (903) 107-67-94,jkenforth9b@storify.com,"660441, г. Красноярск, ул. Солнечная, 17, оф. 56"
337,337,Самотейкин Никита Рамилевич,+7 (911) 431-89-51,fgarrelts9c@cnn.com,"394304, г. Воронеж, ул. Кооперативная, 29, оф. 98"
338,338,Тяпкина Анна Викторовна,+7 (982) 820-64-24,kpettyfer9d@boston.com,"450667, г. Уфа, ул. Ленина, 29, оф. 49"
339,339,Рысаков Альберт Алексеевич,+7 (986) 563-04-63,dshorton9e@washington.edu,"190472, г. Санкт-Петербург, ул. Гагарина, 33, оф. 40"
340,340,Шуплякова Татьяна Александровна,+7 (963) 994-74-55,mfetterplace9f@biblegateway.com,"400523, г. Волгоград, ул. Степная, 47, оф. 47"
341,341,Станищев Павел Дмитриевич,+7 (969) 144-08-66,sruff9g@cafepress.com,"660173, г. Красноярск, ул. Рабочая, 25, оф. 43"
342,342,Девяткин Олег Янович,+7 (912) 282-15-68,wmisken9h@webs.com,"350862, г. Краснодар, ул. Коммунистическая, 8, оф. 12"
343,343,Долгорожева Лилия Ивановна,+7 (989) 925-66-67,tmckeighen9i@weather.com,"400224, г. Волгоград, ул. Вишневая, 21, оф. 75"
344,344,Лашов Михаил Дамирович,+7 (966) 027-83-10,ocorbishley9j@ed.gov,"410064, г. Саратов, ул. Трактовая, 10, оф. 72"
345,345,Голынский Артем Тимофеевич,+7 (941) 635-15-94,rmorrowe9k@upenn.edu,"644405, г. Омск, ул. Речная, 36, оф. 20"
346,346,Жупикова Алла Павловна,+7 (930) 431-86-57,ctarbath9l@so-net.ne.jp,"445460, г. Тольятти, ул. Нагорная, 7, оф. 87"
347,347,Батрунов Петр Васильевич,+7 (988) 963-65-01,shartup9m@yale.edu,"426948, г. Ижевск, ул. Мира, 1, оф. 59"
348,348,Ржешевская Валентина Руслановна,+7 (934) 122-19-64,rnaris9n@nsw.gov.au,"644236, г. Омск, ул. Сосновая, 24, оф. 31"
349,349,Гатиятуллина Валентина Тимофеевна,+7 (932) 848-99-72,ldamerell9o@google.ru,"400763, г. Волгоград, ул. Куйбышева, 5, оф. 69"
350,350,Дагаева Римма Дмитриевна,+7 (909) 615-57-60,ngatus9p@latimes.com,"190051, г. Санкт-Петербург, ул. Юбилейная, 21, оф. 71"
351,351,Марамзина Татьяна Станиславовна,+7 (916) 655-84-95,vheinreich9q@ibm.com,"125383, г. Москва, ул. Полевая, 32, оф. 27"
352,352,Овросимова Валентина Ярославовна,+7 (913) 884-19-82,jjuggings9r@earthlink.net,"190732, г. Санкт-Петербург, ул. Луговая, 10, оф. 37"
353,353,Елшин Степан Романович,+7 (956) 247-54-66,robradden9s@elpais.com,"426769, г. Ижевск, ул. Механизаторов, 7, оф. 33"
354,354,Шмитов Иван Кириллович,+7 (936) 581-79-12,glindmark9t@hexun.com,"445178, г. Тольятти, ул. Пионерская, 30, оф. 99"
355,355,Воскресенская Оксана Антоновна,+7 (993) 650-66-16,cgerrelt9u@alexa.com,"620470, г. Екатеринбург, ул. Заречная, 14, оф. 65"
356,356,Макарян Тимофей Аркадьевич,+7 (988) 324-49-98,ifreegard9v@tripadvisor.com,"445775, г. Тольятти, ул. Пушкина, 26, оф. 2"
357,357,Байдавлетов Ян Антонович,+7 (994) 513-56-98,rtilby9w@dot.gov,"344086, г. Ростов-на-Дону, ул. Железнодорожная, 14, оф. 34"
358,358,Чохов Ильдар Аркадьевич,+7 (955) 800-98-62,tbegg9x@gov.uk,"620939, г. Екатеринбург, ул. Сосновая, 48, оф. 58"
359,359,Краснораменская Эльвира Павловна,+7 (961) 998-82-00,abrahm9y@foxnews.com,"443456, г. Самара, ул. Октябрьская, 28, оф. 26"
360,360,Богатков Олег Павлович,+7 (908) 152-67-88,jhallitt9z@wordpress.org,"443655, г. Самара, ул. Железнодорожная, 11, оф. 80"
361,361,Парфеньева Карина Антоновна,+7 (982) 928-20-39,sanslowa0@weebly.com,"443830, г. Самара, ул. Трактовая, 35, оф. 11"
362,362,Шевко Людмила Ильинична,+7 (960) 318-21-84,gpasleya1@furl.net,"660798, г. Красноярск, ул. Клубная, 34, оф. 53"
363,363,Корнильева Лилия Юрьевна,+7 (903) 425-66-97,mlittleya2@1und1.de,"450373, г. Уфа, ул. Фрунзе, 46, оф. 94"
364,364,Мозолькова Алина Витальевна,+7 (908) 519-52-32,pbibeya3@miibeian.gov.cn,"420392, г. Казань, ул. Механизаторов, 20, оф. 83"
365,365,Айгустов Герман Ильич,+7 (913) 334-67-38,smasdina4@paginegialle.it,"426455, г. Ижевск, ул. Пролетарская, 12, оф. 27"
366,366,Шадиев Михаил Артурович,+7 (978) 227-23-30,jrosenfarba5@uiuc.edu,"603499, г. Нижний Новгород, ул. Матросова, 38, оф. 6"
367,367,Подборнова Полина Артуровна,+7 (961) 793-86-64,hjannawaya6@hibu.com,"450050, г. Уфа, ул. Береговая, 13, оф. 50"
368,368,Мазунов Сергей Валерьевич,+7 (903) 603-72-79,ablasiusa7@bizjournals.com,"630371, г. Новосибирск, ул. Березовая, 46, оф. 68"
369,369,Иващенко Галина Ильдаровна,+7 (932) 781-08-27,vcicettia8@harvard.edu,"614997, г. Пермь, ул. Новая, 25, оф. 10"
370,370,Сухорослова Алена Евгеньевна,+7 (960) 460-06-32,jbudda9@spotify.com,"344559, г. Ростов-на-Дону, ул. Интернациональная, 36, оф. 92"
371,371,Семенкина Евгения Никитовна,+7 (961) 402-68-33,mhedmanaa@state.tx.us,"344310, г. Ростов-на-Дону, ул. Весенняя, 9, оф. 72"
372,372,Кучкарова Тамара Павловна,+7 (930) 513-05-28,dkenawayab@hatena.ne.jp,"450783, г. Уфа, ул. Московская, 24, оф. 96"
373,373,Голошубова Валерия Вячеславовна,+7 (991) 873-68-60,vcardenasac@lulu.com,"454790, г. Челябинск, ул. Комарова, 4, оф. 39"
374,374,Юртаева Елена Владиславовна,+7 (933) 577-18-56,acrillyad@ask.com,"450076, г. Уфа, ул. Береговая, 27, оф. 95"
375,375,Геликонская Елена Борисовна,+7 (999) 181-43-19,swelsbyae@google.com,"344590, г. Ростов-на-Дону, ул. Луговая, 14, оф. 5"
376,376,Вереитинов Глеб Радикович,+7 (968) 205-90-59,jstealyaf@so-net.ne.jp,"125910, г. Москва, ул. Мира, 2, оф. 28"
377,377,Пшеничников Виктор Семенович,+7 (962) 897-05-58,vphippenag@google.com.br,"400438, г. Волгоград, ул. Вокзальная, 29, оф. 65"
378,378,Глездунов Владимир Сергеевич,+7 (969) 807-96-59,eblackhamah@pcworld.com,"644650, г. Омск, ул. Интернациональная, 29, оф. 40"
379,379,Протасов Иван Алексеевич,+7 (900) 505-63-10,pfootai@chron.com,"450255, г. Уфа, ул. Мичурина, 14, оф. 11"
380,380,Кнорина Надежда Ефимовна,+7 (937) 613-22-46,cboschaj@slashdot.org,"410729, г. Саратов, ул. Победы, 44, оф. 11"
381,381,Вирцев Рамиль Марселевич,+7 (903) 417-76-81,adenisckeak@soup.io,"660237, г. Красноярск, ул. Калинина, 42, оф. 58"
382,382,Беседовский Тимофей Васильевич,+7 (926) 722-16-34,dflatteal@washingtonpost.com,"420503, г. Казань, ул. Горная, 13, оф. 28"
383,383,Евреева Диана Алексеевна,+7 (906) 267-61-69,mjermynam@yelp.com,"660880, г. Красноярск, ул. 1 Мая, 41, оф. 96"
384,384,Стифеева Оксана Альбертовна,+7 (954) 262-38-65,dlytean@fc2.com,"410549, г. Саратов, ул. Шоссейная, 13, оф. 57"
385,385,Ходько Римма Станиславовна,+7 (992) 947-58-05,ckendalao@miibeian.gov.cn,"400545, г. Волгоград, ул. Лесная, 18, оф. 59"
386,386,Бездежская Маргарита Артуровна,+7 (941) 376-61-40,dseemmondsap@merriam-webster.com,"443525, г. Самара, ул. Восточная, 17, оф. 20"
387,387,Берников Вадим Рамилевич,+7 (988) 071-74-33,ckuhnertaq@51.la,"660517, г. Красноярск, ул. Нагорная, 42, оф. 92"
388,388,Кладова Антонина Андреевна,+7 (917) 231-18-29,gtoffoliniar@1und1.de,"620462, г. Екатеринбург, ул. Красная, 49, оф. 95"
389,389,Даушев Павел Марселевич,+7 (937) 189-39-76,pprenas@plala.or.jp,"400725, г. Волгоград, ул. Московская, 33, оф. 91"
390,390,Пигузова Раиса Дмитриевна,+7 (926) 413-58-76,jmcglynnat@timesonline.co.uk,"443272, г. Самара, ул. Совхозная, 36, оф. 100"
391,391,Борсуков Егор Георгиевич,+7 (903) 732-07-60,jmundyau@theglobeandmail.com,"644294, г. Омск, ул. Чкалова, 5, оф. 17"
392,392,Букатин Григорий Вадимович,+7 (931) 808-63-19,htodarelloav@pen.io,"614033, г. Пермь, ул. Первомайская, 26, оф. 93"
393,393,Гегузина Яна Дамировна,+7 (970) 009-70-54,woflanneryaw@tripod.com,"620578, г. Екатеринбург, ул. Центральная, 45, оф. 55"
394,394,Скржипковская Кира Александровна,+7 (955) 635-61-24,kbissellax@smugmug.com,"620902, г. Екатеринбург, ул. Центральная, 48, оф. 30"
395,395,Сапин Ринат Геннадьевич,+7 (954) 344-32-44,lpendrickay@gizmodo.com,"394850, г. Воронеж, ул. Майская, 38, оф. 26"
396,396,Серпиков Дамир Глебович,+7 (955) 603-53-90,dproudloveaz@arstechnica.com,"410704, г. Саратов, ул. Совхозная, 11, оф. 18"
397,397,Арискин Яков Янович,+7 (977) 842-48-89,ccalendarb0@youtu.be,"125211, г. Москва, ул. Победы, 46, оф. 25"
398,398,Финажин Денис Евгеньевич,+7 (997) 544-86-81,sfelipb1@admin.ch,"344304, г. Ростов-на-Дону, ул. Спортивная, 20, оф. 83"
399,399,Шукрин Ринат Русланович,+7 (916) 269-76-50,mgoadeb2@gmpg.org,"125406, г. Москва, ул. Дружбы, 15, оф. 48"
400,400,Березикова Юлия Валерьевна,+7 (926) 455-73-31,ibeenhamb3@mail.ru,"445954, г. Тольятти, ул. Вишневая, 38, оф. 87"
401,401,Юхно Лидия Маратовна,+7 (917) 689-42-60,ehowoodb4@youku.com,"426382, г. Ижевск, ул. Верхняя, 33, оф. 97"
402,402,Багай Марсель Евгеньевич,+7 (923) 674-93-87,gcolebyb5@umich.edu,"190540, г. Санкт-Петербург, ул. Совхозная, 20, оф. 69"
403,403,Зотиков Радик Владиславович,+7 (903) 115-78-34,fob6@angelfire.com,"445817, г. Тольятти, ул. Цветочная, 7, оф. 69"
404,404,Безумова Лилия Валерьевна,+7 (925) 685-82-51,rsnapb7@hao123.com,"450115, г. Уфа, ул. Светлая, 10, оф. 63"
405,405,Плахотникова Анжелика Робертовна,+7 (934) 503-36-05,mmcgahernb8@vkontakte.ru,"350140, г. Краснодар, ул. Почтовая, 26, оф. 54"
406,406,Пиньковская Валентина Вячеславовна,+7 (955) 654-42-55,awilliamsonb9@fda.gov,"450161, г. Уфа, ул. Заводская, 49, оф. 21"
407,407,Дадаян Алла Егоровна,+7 (956) 043-52-89,jcrosthwaiteba@vkontakte.ru,"450069, г. Уфа, ул. Пушкина, 24, оф. 22"
408,408,Асафьева Людмила Дамировна,+7 (968) 575-41-17,wwohlerbb@amazon.de,"660447, г. Красноярск, ул. Чкалова, 26, оф. 51"
409,409,Горевская Яна Никитовна,+7 (961) 414-64-03,nkoomarbc@umn.edu,"190473, г. Санкт-Петербург, ул. Советская, 23, оф. 50"
410,410,Пысина Алиса Алексеевна,+7 (977) 955-77-39,igaylebd@nature.com,"454502, г. Челябинск, ул. Юбилейная, 9, оф. 94"
411,411,Хрусталев Геннадий Владимирович,+7 (961) 855-34-40,dwoodagebe@jiathis.com,"625164, г. Тюмень, ул. Красная, 48, оф. 5"
412,412,Шаманин Егор Анатольевич,+7 (954) 247-81-81,wdamperbf@ovh.net,"454143, г. Челябинск, ул. Набережная, 3, оф. 18"
413,413,Реутова Раиса Руслановна,+7 (993) 651-19-39,gschottlibg@usatoday.com,"400174, г. Волгоград, ул. Калинина, 31, оф. 94"
414,414,Акуленко Алла Леонидовна,+7 (988) 639-19-02,nrolfsbh@alexa.com,"410710, г. Саратов, ул. Октябрьская, 14, оф. 67"
415,415,Брегман Алексей Анатольевич,+7 (985) 507-25-90,ndommettbi@washington.edu,"426236, г. Ижевск, ул. Свободы, 37, оф. 36"
416,416,Скобелкина Жанна Владимировна,+7 (939) 717-04-95,ctournebj@usatoday.com,"660957, г. Красноярск, ул. Первомайская, 1, оф. 55"
417,417,Кондрухов Федор Валентинович,+7 (919) 665-10-39,taschebk@goo.ne.jp,"426909, г. Ижевск, ул. Комарова, 47, оф. 74"
418,418,Козыренко Антонина Яковлевна,+7 (953) 478-75-63,aromneybl@examiner.com,"420192, г. Казань, ул. Молодежная, 35, оф. 3"
419,419,Маниковский Василий Николаевич,+7 (951) 064-04-91,gtestbm@umich.edu,"410829, г. Саратов, ул. Чапаева, 33, оф. 85"
420,420,Серокващенко Надежда Степановна,+7 (904) 631-41-54,kscapelhornbn@zimbio.com,"400254, г. Волгоград, ул. Центральная, 19, оф. 59"
421,421,Орешникова Маргарита Дмитриевна,+7 (931) 500-39-49,sscalerabo@fotki.com,"443334, г. Самара, ул. Кооперативная, 6, оф. 82"
422,422,Тригорлов Ярослав Кириллович,+7 (941) 406-59-76,qcarefullbp@newsvine.com,"644685, г. Омск, ул. Березовая, 46, оф. 36"
423,423,Аггеев Максим Вадимович,+7 (951) 225-37-31,dmarenbq@booking.com,"644989, г. Омск, ул. Фрунзе, 12, оф. 89"
424,424,Адвахов Денис Константинович,+7 (962) 867-25-56,bsorebr@hibu.com,"625566, г. Тюмень, ул. Березовая, 4, оф. 61"
425,425,Захваткина Наталья Егоровна,+7 (960) 033-10-63,epiriebs@chron.com,"420856, г. Казань, ул. Горная, 10, оф. 11"
426,426,Козырина Елена Альбертовна,+7 (951) 491-68-69,jhexambt@simplemachines.org,"443294, г. Самара, ул. Дзержинского, 26, оф. 62"
427,427,Родзевич Мария Семеновна,+7 (941) 849-94-36,sbusenbu@cdc.gov,"420782, г. Казань, ул. Речная, 41, оф. 52"
428,428,Курсанова Маргарита Ильинична,+7 (920) 707-70-10,pdesbv@sun.com,"603789, г. Нижний Новгород, ул. Цветочная, 32, оф. 48"
429,429,Енин Юрий Игоревич,+7 (962) 084-65-60,omckewbw@smh.com.au,"190092, г. Санкт-Петербург, ул. Труда, 30, оф. 32"
430,430,Галичева Алена Ярославовна,+7 (953) 499-73-95,ppurkissbx@github.io,"454511, г. Челябинск, ул. Интернациональная, 13, оф. 27"
431,431,Порубов Борис Михаилович,+7 (926) 598-94-55,gbrundellby@behance.net,"625793, г. Тюмень, ул. 8 Марта, 40, оф. 28"
432,432,Овчинин Валентин Анатольевич,+7 (950) 945-51-52,egillbz@icq.com,"426559, г. Ижевск, ул. Матросова, 21, оф. 75"
433,433,Старунов Игорь Артурович,+7 (995) 145-40-42,uwincec0@msu.edu,"350438, г. Краснодар, ул. Куйбышева, 38, оф. 25"
434,434,Ужегов Вадим Владимирович,+7 (978) 962-15-82,rvindenc1@blinklist.com,"190647, г. Санкт-Петербург, ул. Полевая, 34, оф. 47"
435,435,Яшанова Алиса Робертовна,+7 (939) 997-36-57,jjovisc2@privacy.gov.au,"660220, г. Красноярск, ул. Садовая, 14, оф. 17"
436,436,Трезина Виктория Викторовна,+7 (910) 549-16-49,hwoolgerc3@harvard.edu,"443440, г. Самара, ул. Трактовая, 22, оф. 35"
437,437,Горбулина Надежда Артемовна,+7 (923) 453-39-85,alangsdonc4@mashable.com,"620198, г. Екатеринбург, ул. Гагарина, 16, оф. 63"
438,438,Трещалова Альбина Аркадьевна,+7 (937) 676-10-75,vbynec5@hostgator.com,"350334, г. Краснодар, ул. Сосновая, 50, оф. 7"
439,439,Дерюгина Надежда Юрьевна,+7 (988) 298-36-80,rwoodfinc6@google.fr,
440,440,Старшов Александр Никитович,+7 (941) 174-74-04,bgrzelewskic7@tuttocitta.it,"620691, г. Екатеринбург, ул. Пролетарская, 18, оф. 84"
441,441,Мартынчик Роберт Марселевич,+7 (993) 757-13-40,gadiscotc8@bloglines.com,"426111, г. Ижевск, ул. Восточная, 7, оф. 70"
442,442,Абалова Светлана Тимуровна,+7 (903) 340-28-40,flambalc9@archive.org,"644961, г. Омск, ул. Советская, 45, оф. 100"
443,443,Шулимов Никита Андреевич,+7 (994) 659-00-47,fclipsonca@ox.ac.uk,"400381, г. Волгоград, ул. Маяковского, 27, оф. 17"
444,444,Кормишин Вячеслав Петрович,+7 (991) 973-19-80,amoulsdalecb@edublogs.org,"350128, г. Краснодар, ул. Октябрьская, 17, оф. 67"
445,445,Юсько Раиса Геннадьевна,+7 (992) 242-86-39,dkleinercc@over-blog.com,"420718, г. Казань, ул. Свободы, 25, оф. 81"
446,446,Тябин Данил Анатольевич,+7 (985) 722-20-58,cblightcd@narod.ru,"344859, г. Ростов-на-Дону, ул. Степная, 28, оф. 56"
447,447,Бижигитова Александра Яковлевна,+7 (988) 188-25-61,critchce@netscape.com,"614719, г. Пермь, ул. Калинина, 37, оф. 74"
448,448,Агеева Лилия Руслановна,+7 (931) 219-70-77,jabbysscf@cargocollective.com,
449,449,Казакевич Дмитрий Федорович,+7 (978) 243-27-78,echarrettecg@buzzfeed.com,"630783, г. Новосибирск, ул. Восточная, 46, оф. 81"
450,450,Жубанова Ольга Аркадьевна,+7 (952) 822-25-47,nyonniech@state.gov,"445159, г. Тольятти, ул. Березовая, 22, оф. 41"
451,451,Леушкина Анжелика Тимофеевна,+7 (941) 131-54-29,dgulleyci@blog.com,"344814, г. Ростов-на-Дону, ул. Некрасова, 31, оф. 79"
452,452,Лыкосова Лидия Игоревна,+7 (919) 422-95-24,khabberghamcj@spiegel.de,"454182, г. Челябинск, ул. Западная, 36, оф. 19"
453,453,Криволапова Ольга Вадимовна,+7 (924) 109-42-74,llavarackck@toplist.cz,"644288, г. Омск, ул. Вокзальная, 2, оф. 21"
454,454,Вилесова Валентина Ивановна,+7 (985) 571-56-11,emegroffcl@uiuc.edu,"420625, г. Казань, ул. Дружбы, 31, оф. 85"
455,455,Головинская Жанна Геннадьевна,+7 (920) 603-24-34,hwelberrycm@sina.com.cn,"620993, г. Екатеринбург, ул. Коммунистическая, 31, оф. 91"
456,456,Аргушкина Альбина Рамилевна,+7 (994) 204-61-03,fmacquirecn@ox.ac.uk,"443781, г. Самара, ул. Дзержинского, 2, оф. 73"
457,457,Нусинова Любовь Радиковна,+7 (984) 527-22-84,atatherco@artisteer.com,"445439, г. Тольятти, ул. Интернациональная, 8, оф. 99"
458,458,Комратов Семен Алексеевич,+7 (904) 497-00-68,crolleycp@tumblr.com,"344654, г. Ростов-на-Дону, ул. Пионерская, 22, оф. 86"
459,459,Лапенко Федор Васильевич,+7 (995) 212-45-28,bklugecq@omniture.com,"625287, г. Тюмень, ул. Колхозная, 46, оф. 22"
460,460,Монарева Мария Станиславовна,+7 (956) 152-02-45,shalladaycr@odnoklassniki.ru,"445996, г. Тольятти, ул. Речная, 16, оф. 32"
461,461,Лукьненко Ярослав Васильевич,+7 (977) 362-08-12,fruslingcs@clickbank.net,"190135, г. Санкт-Петербург, ул. Комсомольская, 29, оф. 37"
462,462,Бусов Олег Юрьевич,+7 (924) 750-07-81,mschoutct@mac.com,"445800, г. Тольятти, ул. Горная, 28, оф. 68"
463,463,Бойкова Валерия Никитовна,+7 (915) 417-88-52,vmordoncu@123-reg.co.uk,"450604, г. Уфа, ул. Трудовая, 9, оф. 81"
464,464,Казарина Екатерина Максимовна,+7 (906) 770-99-50,rescrittcv@behance.net,"400020, г. Волгоград, ул. Березовая, 36, оф. 25"
465,465,Салман Георгий Никитович,+7 (970) 703-33-34,gblanchflowercw@dropbox.com,"625927, г. Тюмень, ул. Совхозная, 16, оф. 53"
466,466,Бирина Марина Владимировна,+7 (939) 991-88-26,mgunningcx@wired.com,"445410, г. Тольятти, ул. Московская, 38, оф. 36"
467,467,Порубова Инна Игоревна,+7 (952) 568-61-69,sstrongitharmcy@wikia.com,"445601, г. Тольятти, ул. Комарова, 48, оф. 4"
468,468,Буравкина Диана Юрьевна,+7 (965) 927-03-79,fskewiscz@photobucket.com,"350688, г. Краснодар, ул. Родниковая, 1, оф. 12"
469,469,Журишкин Борис Вячеславович,+7 (984) 123-70-10,ceasend0@indiatimes.com,"443375, г. Самара, ул. Кооперативная, 49, оф. 11"
470,470,Шайгарданов Виктор Яковлев,+7 (969) 711-32-49,ksainthilld1@nyu.edu,"644509, г. Омск, ул. Восточная, 23, оф. 72"
471,471,Кухарешин Марат Артемович,+7 (921) 586-78-03,mtejerod2@harvard.edu,"625716, г. Тюмень, ул. Трактовая, 49, оф. 21"
472,472,Швачко Петр Михаилович,+7 (908) 617-57-23,acatfordd3@sciencedaily.com,"660701, г. Красноярск, ул. Пушкина, 38, оф. 83"
473,473,Авлампиев Вячеслав Дамирович,+7 (929) 334-45-71,sjanicijevicd4@opensource.org,"450904, г. Уфа, ул. Березовая, 38, оф. 60"
474,474,Рудченко Людмила Васильевна,+7 (971) 469-56-79,dcoltmand5@360.cn,"614349, г. Пермь, ул. Вишневая, 24, оф. 24"
475,475,Балабух Петр Маратович,+7 (937) 580-59-63,hpavisd6@smugmug.com,"630703, г. Новосибирск, ул. Строительная, 48, оф. 69"
476,476,Андрияшина Ксения Степановна,+7 (960) 532-10-05,wfrightd7@epa.gov,"450571, г. Уфа, ул. Овражная, 12, оф. 50"
477,477,Ступишина Ангелина Филипповна,+7 (985) 188-01-40,mscotchfordd8@prlog.org,"344251, г. Ростов-на-Дону, ул. Карла Маркса, 1, оф. 91"
478,478,Зоткин Тимофей Ефимович,+7 (954) 298-64-69,sgreveld9@slideshare.net,"350719, г. Краснодар, ул. Партизанская, 43, оф. 46"
479,479,Лещинский Максим Максимович,+7 (953) 197-12-06,lstrattonda@ca.gov,"344037, г. Ростов-на-Дону, ул. Трудовая, 5, оф. 96"
480,480,Жирошкина Валентина Денисовна,+7 (953) 936-13-65,cdevittdb@home.pl,
481,481,Насветникова Олеся Дмитриевна,+7 (918) 719-57-54,cpinckstonedc@paginegialle.it,"350961, г. Краснодар, ул. Механизаторов, 30, оф. 74"
482,482,Курбангалиева Любовь Ярославовна,+7 (995) 727-03-98,dsissotdd@squidoo.com,"125198, г. Москва, ул. Майская, 2, оф. 7"
483,483,Ершов Максим Рамилевич,+7 (923) 506-64-18,rjanaudde@youtube.com,"454166, г. Челябинск, ул. Труда, 6, оф. 92"
484,484,Броневская Лилия Рамилевна,+7 (963) 632-88-93,csherebrookdf@webeden.co.uk,"603514, г. Нижний Новгород, ул. Коммунистическая, 48, оф. 18"
485,485,Титиевский Николай Глебович,+7 (916) 660-67-21,rdrinkhilldg@etsy.com,"400534, г. Волгоград, ул. Красная, 1, оф. 34"
486,486,Омелина Полина Федоровна,+7 (911) 244-87-15,atownsdh@trellian.com,"625473, г. Тюмень, ул. Советская, 12, оф. 37"
487,487,Кислых Игорь Евгеньевич,+7 (930) 773-73-57,rdraiseydi@simplemachines.org,"350693, г. Краснодар, ул. Степная, 21, оф. 92"
488,488,Стефанкив Сергей Янович,+7 (921) 286-52-74,scowlingdj@virginia.edu,"644170, г. Омск, ул. Дружбы, 42, оф. 32"
489,489,Разшибихина Елена Николаевна,+7 (918) 444-89-53,jprattedk@dedecms.com,"420093, г. Казань, ул. Мира, 8, оф. 58"
490,490,Амирева Людмила Ильдаровна,+7 (971) 376-82-56,mduggondl@wsj.com,"630467, г. Новосибирск, ул. Ленина, 35, оф. 26"
491,491,Гурьянова Вероника Радиковна,+7 (963) 748-11-34,tcleynedm@networksolutions.com,"454890, г. Челябинск, ул. Верхняя, 5, оф. 35"
492,492,Юрганова Инна Васильевна,+7 (966) 093-64-83,mmaudedn@google.es,"394828, г. Воронеж, ул. Полевая, 32, оф. 82"
493,493,Батьков Кирилл Олегович,+7 (989) 058-55-44,jalexsandrowiczdo@bigcartel.com,"603922, г. Нижний Новгород, ул. 8 Марта, 14, оф. 29"
494,494,Зонтов Леонид Михаилович,+7 (923) 029-58-42,hcousendp@foxnews.com,"445979, г. Тольятти, ул. Почтовая, 21, оф. 24"
495,495,Арман Анатолий Евгеньевич,+7 (915) 956-19-53,mdahlmandq@gmpg.org,"620527, г. Екатеринбург, ул. Комсомольская, 8, оф. 13"
496,496,Давтян Дмитрий Яковлев,+7 (910) 322-62-22,jkingsdr@bizjournals.com,"125871, г. Москва, ул. Зеленая, 16, оф. 80"
497,497,Шибаева Любовь Ивановна,+7 (996) 636-58-67,ehamonds@symantec.com,"426484, г. Ижевск, ул. Береговая, 43, оф. 92"
