id_industry,Name
1,Услуги для населения
2,"Информационные технологии, системная интеграция, интернет"
3,"Перевозки, логистика, склад, ВЭД"
4,"СМИ, маркетинг, реклама, BTL, PR, дизайн, продюсирование"
5,"Электроника, приборостроение, бытовая техника, компьютеры и оргтехника"
6,"Медицина, фармацевтика, аптеки"
7,Сельское хозяйство
8,"Промышленное оборудование, техника, станки и комплектующие"
9,Розничная торговля
10,Товары народного потребления (непищевые)
11,Автомобильный бизнес
12,"Гостиницы, рестораны, общепит, кейтеринг"
13,"Строительство, недвижимость, эксплуатация, проектирование"
14,Нефть и газ
15,"Химическое производство, удобрения"
16,"Металлургия, металлообработка"
17,Продукты питания
18,Тяжелое машиностроение
19,ЖКХ
20,Добывающая отрасль
21,Образовательные учреждения
22,Государственные организации
23,Услуги для бизнеса
24,Финансовый сектор
25,"Телекоммуникации, связь"
26,"Искусство, культура"
