id_key_skills,name
1,Пользователь ПК
2,Грамотная речь
3,Работа в команде
4,Ведение отчетности
5,Административное управление
6,Хостес
7,Деловой этикет
8,Навыки межличностного общения
9,Навыки продаж
10,входящие звонки
11,Работа в режиме многозадачности
12,Грамотная устная и письменная речь
13,Улыбчивость
14,Ведение переговоров
15,B2B Продажи
16,Продажи
17,B2B
18,Достижение результата
19,Телефонные переговоры
20,Деловое общение
21,Деловая переписка
22,Пополнение товарных запасов
23,Блочная выкладка товара
24,Выкладка товаров
25,Мерчандайзинг
26,Проведение промо акций
27,Английский — A2 — Элементарный
28,Английский язык
29,Активные продажи
30,Холодные продажи
31,Поиск и привлечение клиентов
32,Ведение клиентской базы
33,"Коммуникабельность, ответственность"
34,Заключение договоров
35,Ориентация на результат
36,SOAP
37,ERP-системы на базе 1С
38,1С программирование
39,1С: Управление Торговлей
40,Jira
41,Git
42,Маникюр
43,Умение организовать работу
44,Организация и планирование рабочего времени
45,Умение слушать
46,JavaScript
47,TypeScript
48,ReactJS
49,React Native
50,Redux
51,MobX
52,Английский — B1 — Средний
53,Python
54,Redis
55,Django Framework
56,asyncio
57,RabbitMQ
58,Kafka
59,Высоконагруженные системы
60,PostgreSQL
61,Objective-C
62,Java
63,ООП
64,iOS
65,Android
66,C/C++
67,CSS3
68,Less
69,HTML5
70,CSS
71,Английский — C1 — Продвинутый
72,Копирайтинг
73,Написание текстов
74,SEO-копирайтинг
75,SMM
76,Figma
77,Понимание UI/UX
78,Английский - B2 - Средне-продвинутый
79,Adobe Illustrator (опционально)
80,Adobe Photoshop (опционально)
81,Английский — B2 — Средний
82,Комьюнити-менеджмент
83,Составление и реализация контент-планов
84,Разработка SMM-стратегии
85,"Анализ рынка, аудитории и конкурентов"
86,"Привлечение подписчиков, увеличение аудитории"
87,Контроль сроков годности
88,Приемка груза
89,Электронная почта
90,Английский — A1 — Начальный
91,Грамотность
92,B2C продажи
93,Трейдинг
94,Консультативные продажи
95,Деловая коммуникация
96,UX
97,Adobe Illustrator
98,Adobe Photoshop
99,Дизайн интерфейсов
100,UI
101,Web-дизайн
102,Дизайн
103,Проектирование пользовательских интерфейсов
104,C++
105,MS Visual Basic
106,Pascal
107,Системное мышление
108,Биржевые торги
109,Многозадачность
110,Удаленная работа
111,Финансовая отчетность
112,Управленческая отчетность
113,Оцифровка деятельности предприятия
114,Креативность
115,Ведение групп в социальных сетях
116,Продвинутый пользователь ПК
117,Управление проектами
118,Социальные сети
119,SSM
120,Google Chrome
121,Водительские права категории В
122,Работа в условиях многозадачности
123,Работа с компьютером
124,Спокойный
125,Водительское удостоверение категории BCE
126,Ответственность и пунктуальность
127,Анализ данных
128,Подготовка презентаций
129,Оприходование товара
130,1С: Документооборот
131,1С: Розница
132,Excel
133,1C: Предприятие
134,Ответственность
135,1С: Предприятие 8
136,Ремонтные работы
137,Гарантийное обслуживание
138,Опытный пользовать ПК
139,AutoCAD
140,Проектная документация
141,Коммуникабельность
142,Внимательность к деталям
143,ГОСТы
144,Системы вентиляции
145,Графический дизайн
146,Adobe InDesign
147,Генерация идей
148,Коммуникативные навыки
149,Разработка ПО
150,Программирование микроконтроллеров
151,IoT
152,Аналитическое мышление
153,Схемотехника электронного оборудования
154,Знание С
155,SolidWorks
156,Компас-3D
157,Технический контроль производства
158,Бытовые приборы
159,серийное производство
160,Педикюр
161,Работа с жалобами клиентов
162,Консультирование клиентов по телефону
163,Товароведение
164,Учет товаров
165,Умение работать в команде
166,Умение принимать решения
167,Умение расставлять приоритеты
168,MS Dos
169,Анализ финансовой отчетности
170,ГОЗ
171,Ведение документации
172,Оптимизация логистических процессов
173,Транспортная логистика
174,1С: Торговля
175,Контроль дебиторской задолженности
176,MS Excel
177,MindManager
178,CRM
179,Умение анализировать
180,Google таблицы
181,АТИ
182,Внутрироссийские грузоперевозки
183,Электротехнические работы
184,Работа с большим объемом информации
185,"ООО ""Валее-95"""
186,Организация производства
187,Техническая грамотность
188,Опыт работы на производстве
189,"умение проявлять внимание, заинтересованность, дружелюбие"
190,Умение работать в условиях многозадачности
191,Знание компьютера
192,Знание бухгалтерского учета
193,Статистический анализ
194,Опытный пользователь ПК
195,Сборочное производство
196,Массовое производство
197,Клиентоориентированность
198,оформление заказов
199,Оформление возврата продукции
200,Поиск информации в интернет
201,Работа с людьми
202,Знание 1С
203,Консультация
204,Дружелюбность
205,Способность к обучению и восприятию информации
206,Доброжелательность
207,Трудолюбие
208,Прямые продажи
209,Документооборот
210,Работа с кассой
211,Работа с дебиторской задолженностью
212,HoReCa
213,Умение планировать
214,Internet
215,Работа с оргтехникой
216,Делопроизводство
217,Оптовая торговля
218,MS Word
219,Работа с маркетплейсами
220,Обучение персонала
221,Организаторские навыки
222,Управление персоналом
223,Первичные документы
224,Работа с претензиями
225,Документальное сопровождение
226,оформление документации
227,Управление командой
228,Управление офисами компании
229,Организация хранения документации
230,входящая документация
231,Исходящая документация
232,регистрация документации
233,первичная обработка документации
234,Работа с поставщиками
235,Мониторинг цен
236,MS PowerPoint
237,Контроль поставок
238,Учет остатков
239,маркетплейсы
240,компетентность
241,Конкурентная аналитика
242,Тайм-менеджмент
243,Творческое мышление
244,Первичная документация
245,Первичная бухгалтерская документация
246,работа с текущей базой клиентов
247,Мерчендайзинг
248,Традиционная розница
249,Современная розница
250,Сварочные работы
251,Сварка
252,Слесарные работы
253,Работа с чертежами
254,Заинтересованность
255,Мотивированность на результат
256,Опыт работы в команде
257,Взаимодействие с надзорными организациями
258,Инженерные системы
259,Техническая эксплуатация
260,нормативно-техническая документация
261,Эксплуатация
262,Чтение чертежей
263,Станки ЧПУ
264,Холодные звонки
265,Проведение презентаций
266,Контроль отгрузок
267,Складской Учет
268,Проведение инвентаризаций
269,Развитие продаж
270,Подбор персонала
271,Ведение активных клиентов
272,E-Commerce
273,DIY
274,Права категории B
275,Готовность к командировкам
276,Опыт успешных переговоров
277,Английский — B2 — Средне-продвинутый
278,ВЭД
279,Логистика поставок
280,Знание английского языка
281,Закупки
282,Написание ТЗ
283,1С: Бухгалтерия
284,1С: Зарплата и кадры
285,Продажи корпоративным клиентам
286,Высшее образование
287,Оптовые продажи
288,"Умение организовать работу, планировать, принимать решения"
289,Малярные работы
290,"Внимательность, ответственность"
291,написание программ со стойки
292,токарный станок с ЧПУ
293,оператор ЧПУ
294,лазерная резка
295,корректировка программ со стойки
296,лазер
297,лазерная резка металла
298,Желание зарабатывать
299,Кадровое делопроизводство
300,Табель учета рабочего времени
301,Должностные инструкции
302,Трудовое законодательство РФ
303,Консультирование сотрудников по вопросам трудового законодательства
304,Разработка локальных нормативных актов
305,Уверенный пользователь ПК
306,Ответственное хранение
307,Работа с документами
308,Навыки работы с первичной документацией
309,Гибкость
310,столярные работы
311,Организационные навыки
312,Плотницкие работы
313,Чистоплотность
314,Охрана труда и техника безопасности
315,Взаимодействие с контрольными органами
316,Производственный контроль
317,Разработка технических заданий
318,Лидерство
319,Оптимизация бизнес-процессов
320,Проектная деятельность
321,Навыки переговоров
322,Notion
323,Организация стажировок
324,Работа с партнерами
325,Умение находить подход к людям
326,IT Recruitment
327,Монтаж оборудования
328,Работа с электроинструментом
329,Анализ рынка
330,Маркетинговые исследования
331,Продвижение бренда
332,Разработка стратегии продвижения продуктов
333,Маркетинговое планирование
334,Разработка программ лояльности для клиентов
335,Стимулирование потребителей
336,Бюджетирование
337,Финансовый анализ
338,Финансовый контроль
339,Альт-Инвест
340,Анализ конкурентной среды
341,Планирование рекламных кампаний
342,Организация мероприятий
343,Реклама
344,Мобильность
345,Водительское удостоверение категории B
346,Экспедирование
347,Автомобильные грузоперевозки
348,Работа с клиентами
349,знание дорог города / области
350,Проведение переговоров
351,Привлечение клиентов
352,Работа с возражениями
353,Мотивация персонала
354,Управление продажами
355,Обучение и развитие
356,B2B маркетинг
357,Маркетинговые коммуникации
358,Планирование маркетинговых кампаний
359,Стратегический маркетинг
360,Управление бюджетом
361,1С: Комплексная автоматизация
362,1C: Бухгалтерия
363,Комплектация
364,Инвентаризация
365,Работа на складе
366,Работать в команде
367,Работа в программе 1С
368,Розничные продажи
369,Знание устройства автомобиля
370,Техническое обслуживание
371,Желание обучаться
372,Выносливость
373,Метрология
374,Работа с договорами
375,Высокая степень обучаемости
376,Поверка/калибровка
377,Строительство
378,Техническая документация
379,Эксплуатация электрооборудования
380,Эксплуатация зданий
381,Ответственный подход к работе
382,Стремление к профессиональному развитию
383,Работа с банками
384,Баланс
385,Умение быстро усваивать новую информацию
386,навыки ведения бухгалтерского и налогового учета
387,Самостоятельная работа
388,1С: Торговля и склад
389,Обслуживание покупателей
390,Сопровождение клиентов
391,Планирование продаж
392,Подготовка коммерческих предложений
393,Планирование
394,Прогнозирование
395,Навыки составления отчетности
396,Анализ конкурентов
397,Уверенный пользователь MS Office
398,Образованность
399,Рассудительность
400,Работа в коллективе
401,"грамотная устная речь, хорошо поставленный голос, необходимая дикция"
402,Платежные поручения
403,Умение работать в коллективе
404,Аналитика продаж
405,Продажи через дистрибьюторов
406,Стратегическое мышление
407,Умение вести переговоры
408,MS Outlook
409,Customer Service
410,Управление качеством
411,Внутренний аудит
412,Контроль качества
413,Аудит
414,Разработка документации
415,Импорт
416,Таможенное оформление
417,Взаимодействие с органами государственного контроля
418,Вводный инструктаж по охране труда и технике безопасности
419,Разработка программ по улучшению условий труда
420,Контроль состояния оборудования
421,Мониторинг законодательства
422,Взаимодействие с государственными контролирующими органами
423,Промышленная безопасность
424,Пожарная безопасность
425,Разработка программ по предотвращению производственного травматизма
426,Аудит системы управления охраной труда
427,Расследование несчастных случаев
428,разработка инструкций по охране труда
429,Развитие ключевых клиентов
430,Навыки презентации
431,Водительское удостоверение категории BC
432,"Удостоверение ""Оператор КМУ"""
433,"Удостоверение ""Машинист крана (крановщик)"""
434,Консультант плюс
435,1С: Управление Производственным Предприятием
436,1:С ЗУП
437,Ведение бухгалтерского и налогового учета
438,китайский язык
439,Поиск поставщиков
440,Консультирование клиентов
441,Знание и умение работать в 1С
442,Авансовые отчеты
443,Кассовые операции
444,Электронный документооборот
445,Банк-клиент
446,Акты сверок
447,Учет материалов
448,Расчеты с поставщиками
449,"Участок ""Касса"""
450,ERP
451,Учет ТМЦ
452,Работа с ТМЦ
453,Списание ТМЦ
454,Кассовые документы
455,Налоговая отчетность
456,Бухгалтерская отчетность
457,Основные средства
458,Статистическая отчетность
459,Контур-Экстерн
460,Бухгалтерский учет
461,Расчет затрат
462,ТМЦ
463,Годовой баланс
464,реализация товаров и услуг
465,Лизинговые операции
466,поиск поставщиков
467,Adobe Acrobat
468,CREDO
469,Инженерные изыскания
470,Лабораторная работа
471,СНИПы
472,Бурение скважин
473,Консультирование
474,Торговля
475,Высокие коммуникативные навыки
476,Быстрообучаемый
477,Строительно-отделочные материалы
478,Мотивация
479,"навыки делового общения, ведения переговоров"
480,Навыки работы с возражениями
481,Автомобильные перевозки
482,ПК
483,Soft skills
484,Пользователь 1С
485,Проектирование
486,Разработка проектной документации
487,ОВиК
488,ВК
489,Google Docs
490,Маркетплейсы
491,ozon
492,Wildberries
493,SEO
494,Google Sheets
495,Планирование карьеры
496,Продавец-консультант
497,Project management
498,Точность и внимательность к деталям
499,умение обращаться с лазерным станком
500,Аккуратность
501,Внимательность
502,Обучаемость
503,Усердие
504,Легкообучаемый
505,Стерилизация инструментов
506,Точность и внимательность
507,Работа в 4 руки
508,Регистрация юридических лиц
509,Составление договоров
510,Гарант
511,Проектно-конструкторская деятельность
512,Конструирование
513,ЕСКД
514,САПР
515,Разработка инструкций
516,CorelDRAW
517,технологические карты
518,CAD
519,Управление отношениями с клиентами
520,телефонные продажи
521,Общая психология
522,Клиент-банк
523,кадровый учет
524,Расчет зарплаты
525,Способность быстро обучаться
526,Умение работать с клиентами
527,Оформление разрешений на работу для иностранных сотрудников
528,Управление документооборотом
529,Руководство коллективом
530,Эксплуатационные документы
531,Эксплуатация торгового центра
532,прохождение налоговых проверок
533,Такском
534,Tax Accounting
535,Общественное питание
536,1С: Зарплата и управление персоналом
537,Расчет заработной платы
538,сдельная система оплаты труда
539,Сдельно-премиальная оплата труда
540,Расчет себестоимости
541,1С: Производство
542,Управленческие навыки
543,Разработка меню
544,SWOT анализ
545,Управление лояльностью потребителей
546,Адаптация
547,Вождение трактора
548,Разработка и внедрение системы KPI
549,Обучение команды продаж
550,Разработка долгосрочной системы мотивации
551,План продвижения
552,Малоэтажное строительство
553,Полуавтоматическая сварка
554,Сварка толстостенного металла
555,Сварка металлоконструкций
556,ERP Systems
557,Написание программ
558,Корректировка программ
559,Обработка деталей
560,фрезерно-расточная группа
561,токарная группа
562,Подбор режущего инструмента
563,Написание технологических процессов
564,разработка чертежей
565,Inventor
566,Договорная работа
567,Претензионная работа
568,Гражданское право
569,Чтение технической документации
570,Ремонт ПК
571,Ремонт принтера
572,Электрика
573,Точность
574,Умение общаться с людьми
575,Готовность обучаться
576,Терпеливость
577,Фотошоп
578,Организация рабочего процесса
579,Желание работать и зарабатывать
580,Работа в графических редакторах
581,Оптимизация рабочего процесса
582,программирование станка
583,настройка станка
584,Розничная торговля
585,Опыт продаж
586,Сборка мебели
587,Проведение опросов клиентов
588,Знание ПК
589,Знание CRM систем
590,Контроль персонала
591,Составление графиков работы
592,Анализ текущих финансовых показателей
593,Анализ продаж
594,Отчетность
595,Управление сотрудниками в регионах
596,Удаленный менеджмент
597,Оперативное планирование
598,Битрикс 24
599,Управление работой с ключевыми клиентами
600,Повышение конверсии
601,Расширение клиентской базы
602,Работа с ключевыми клиентами
603,1С: Предприятие: Розница
604,Навыки обслуживания людей
605,"умение слушать, давать компетентные советы, находить подход к клиентам"
606,Умение управлять временем
607,"Коммуникабельность, стрессоустойчивость"
608,Желание работать
609,желание развиваться
610,ArtCAM
611,Базис Мебельщик
612,Pro100
613,Деревообработка
614,Дисциплина
615,Позитивный настрой
616,Стрессоустойчивость
617,Инициативность
618,FMCG Продажи
619,Поварское дело
620,Ресторанный менеджмент
621,Умение эффективно планировать свое время
622,Материальная ответственность
623,Мотивация сотрудников
624,Linux
625,СУБД
626,Elasticsearch
627,Ansible
628,ClickHouse
629,MongoDB
630,ELK
631,ETL
632,ETL/ELT
633,Atlassian Jira
634,Jenkins
635,Проведение тестирований
636,Selenium
637,MS Project Expert
638,MS Visio
639,многозадачность
640,готовность к физической работе 50/50
641,MS Office
642,Hibernate ORM
643,Spring Framework
644,TCP/IP
645,Docker
646,Gitlab
647,REST API
648,CCNP
649,BGP
650,OSPF
651,ВОЛС
652,CCIE
653,ПБУ 18
654,Zabbix
655,elk
656,Prometheus
657,grafana
658,GitLab
659,Kubernetes
660,K8s
661,Helm
662,CI/CD
663,Знание офисных программ
664,"Опытный пользователь ПК, знание MS Office"
665,Контроль оформления документов
666,Дисциплинированный
667,Стабильность
668,Безопасность
669,Военный билет (для военнообязанных)
670,Договоры аренды
671,Microsoft Office
672,1С: Склад
673,Управление погрузчиком
674,Вождение дизельного погрузчика
675,Складское ПО
676,Склад
677,умение продавать
678,Водительское удостоверение категории BCD
679,"способность анализировать проблемы, эффективно искать пути их разрешения"
680,Знание города
681,Знание Москвы
682,Управление службой охраны
683,Виды страхования
684,Охрана объекта
685,Служба в ВС (для военнообязанных)
686,Целеустремленность
687,Продажа дополнительных услуг и оборудования
688,Ориентация на клиента
689,Способность обучать других
690,Строительный контроль
691,Технический надзор
692,Стремление к профессиональному росту
693,Позитивное мышление
694,Начало карьеры
695,Kotlin
696,SEO оптимизация
697,Node.js
698,NodeJS
699,Vue.js
700,Typescript
701,ASO
702,PHP
703,HTML
704,Российские стандарты бухгалтерского учета
705,Локальное налогообложение
706,Международное налогообложение
707,Медицинское оборудование
708,Медицинская документация
709,Стоматология
710,Добросовестность
711,исходящие звонки
712,Уборка помещений
713,Генеральные уборки
714,Работа с дезинфицирующими средствами
715,Помощь врачу стоматологу
716,Работа с компьютерным томографом
717,Работа с пациентами
718,Рентгенодиагностическое исследование
719,Planmeca
720,Торговый маркетинг
721,Маркетинговый анализ
722,Написание технических заданий
723,Тестирование
724,Постановка задач разработчикам
725,Кадровое планирование
726,Анализ организационной структуры компании
727,разработка нормативных документов
728,составление штатного расписания
729,Высокая энергичность и инициативность
730,Структурированность
731,Грейдинг
732,Нормирование труда
733,Производственное планирование
734,Управление производственным персоналом
735,Навыки планирования
736,Стремление к саморазвитию
737,Капитальный ремонт
738,Составление сметно-проектной документации
739,Гранд-смета
740,Работа с контрагентами
741,Знание ТК РФ
742,1С: Управление персоналом
743,Автоматизация процессов управления персоналом
744,Компенсации и льготы
745,Оценка должностей
746,Участие в обзорах заработных плат
747,Выполнение поставленных задач
748,Аттестация
749,Результативность
750,Стремление к развитию
751,Маркетинг
752,Желание учиться и развиваться
753,Теплые продажи
754,Водоснабжение и канализация
755,Autodesk Revit
756,SCAD
757,Lira
758,Расчеты
759,Техническое задание
760,Составление смет
761,Сметы
762,Реконструкция
763,Autodesk 3ds Max
764,Сверка взаиморасчетов с поставщиками товаров и услуг
765,Учет поступающих ТМЦ
766,оформление приходно-расходных документов
767,Ревизия финансово-хозяйственной деятельности компании
768,"Участок ""ТМЦ"""
769,R-Keeper
770,Сервис
771,Улаживание конфликтов
772,Навыки разрешения спорных ситуаций
773,Стандарты гостеприимства
774,Приветливость
775,Опрятность
776,Кондитер
777,Шоколатье
778,Пекарь
779,Пиццмейкер
780,Тестомес
781,Тестовод
782,Повар
783,Десерты
784,Кондитерские изделия
785,Торты
786,Без опыта работы
787,Начальный уровень
788,Су-шеф
789,Шеф-повар
790,Бригадир
791,Банкеты
792,Без опыта
793,Бармен
794,Бариста
795,Исполнение личных поручений руководителя
796,Административная поддержка руководителя
797,Организация встреч
798,Планирование рабочего дня руководителя
799,исполнение поручений руководителя
800,Xerox
801,Epson
802,Соблюдение сроков
803,Чувство стиля
804,Базовые знания 1С
805,Печать
806,Эмпатия
807,Эмоциональный интеллект
808,amoCRM
809,Продажи физическим лицам
810,Навыки делового общения
811,3ds Max
812,3D Max
813,Умение находить общий язык
814,Внутренние коммуникации
815,Кадровая стратегия
816,Командообразование
817,Организация системного рекрутмента
818,Проведение тренинга для новых сотрудников
819,Деловая этика
820,Желание учиться
821,Быстрое обучение
822,Творческий подход к продажам
823,Навыки телефонных продаж
824,Управление производством
825,Управление затратами
826,Макетирование
827,Fusion
828,Бережливое производство
829,Анализ себестоимости
830,3d печать
831,архитектурные макеты
832,Управление эффективностью
833,Литье пластика
834,Вакуумное литье
835,Курьер-водитель
836,Личный автомобиль
837,Хорошее знание города
838,Водитель
839,1С-Битрикс
840,снабжение
841,Закупки из Китая
842,1С: Управление Закупками
843,Логистика
844,Закупка оргтехники и оборудования
845,Закупка товаров и услуг
846,Управление закупками
847,Работа с базами данных
848,Теплые звонки
849,Опыт установки программ
850,Желательно знание 3Ds Max
851,3D Моделирование
852,3D-графика
853,V-Ray
854,ZBrush
855,Substance Painter
856,Hard-Surface
857,TurboSmooth
858,SubD моделирование
859,Blender 3D
860,Текстурирование
861,3D
862,UV развертка
863,Autodesk Maya
864,Substance Designer
865,Фотореалистичная визуализация
866,Составление исков
867,MS Visual Studio
868,Arduino
869,Микроконтроллеры
870,Оптимизация кода
871,Ubuntu Server
872,Расстановка приоритетов
873,Корпоративная этика
874,Дружелюбие
875,ланбиллинг
876,битрикс24
877,GPON
878,СКС
879,Настройка оборудования
880,слаботочные системы
881,Настройка сетевых подключений
882,Монтаж СКС
883,Монтаж инженерных систем
884,Оптоволокно
885,Связь
886,Администрирование сетевого оборудования
887,Cisco
888,Телекоммуникации
889,Сетевое оборудование
890,LAN
891,VPN
892,ЦОД
893,Системы мониторинга сетей
894,Сетевые технологии
895,Телефония
896,ТУ
897,Электрические системы и слаботочные системы
898,MSOffice
899,Поисковые системы
900,проведение опросов общественного мнения
901,Работа с социальными сетями
902,B2C маркетинг
903,Вывод компании на рынок
904,SQL
905,JSON API
906,REST
907,API
908,Backend
909,Nginx
910,KVM
911,Apache
912,dns
913,DHCP
914,аккаунтинг
915,продажи
916,Internet Marketing
917,CPA
918,affiliate
919,Менеджмент
920,Английский язык (Intermediate)
921,MS Paint
922,Журнал учёта ТМЦ
923,Пуско-наладочные работы
924,Внимание к мелочам
925,Электромонтажные работы
926,Коммуникация
927,Компас
928,Электротехника
929,Экономический анализ
930,Движение денежных средств
931,Составление бизнес-плана
932,Складской документооборот
933,Оптимизация затрат
934,Формирование бюджета
935,Windows 7
936,Windows Xp
937,Офисная техника
938,1C: Зарплата и кадры
939,Умение разрешать конфликтные ситуации
940,умение работать в команде
941,уборка
942,Навыки ведения переговоров
943,Solid Works
944,Умение читать чертежи и оформлять чертежи по ЕСКД
945,Kompas (Erp)
946,Расчет и анализ себестоимости продукции и услуг
947,ANSYS
948,Инженер
949,Бумажный документооборот
950,Активность
951,Системы канализации и водоснабжения
952,Возрастная психология
953,Психология
954,Детская психология
955,Коммерческая недвижимость
956,Обеспечение техники безопасности
957,Организация службы безопасности с «0»
958,Желание работать и развиваться
959,Спортивный массаж
960,Классический массаж
961,Массаж
962,Базовый английский
963,Гостиницы
964,Гостиничный менеджмент
965,Bitrix24
966,Маркетинговая стратегия
967,Продвижение объекта
968,Cоциальный маркетинг
969,Информационные сайты
970,Презентации
971,Обертывания
972,Пилинг
973,SPA
974,Прием и распределение телефонных звонков
975,Администрирование
976,Прием посетителей
977,Стандарты уборки
978,Урегулирование конфликтов
979,Бронирование гостиниц
980,Санитарный контроль
981,Кассовый аппарат
982,Административная работа
983,Проведение ревизий
984,Режим многозадачности
985,1С: Логистика
986,Вести переговоры
987,Высокая энергичность
988,Расчет НДС
989,Диадок
990,Контроль ведения налоговой отчетности
991,Обеспечение жизнедеятельности офиса
992,Внутренний контроль
993,Обеспечение внутренней безопасности
994,Сельское хозяйство
995,Работа с детьми
996,Любовь к детям
997,ORACLE
998,Базы данных
999,Android SDK
1000,Java Core
1001,Spring
1002,Hibernate
1003,Apache Maven
1004,Web
1005,MySQL
1006,Bootstrap
1007,AngularJS
1008,Верстка
1009,React.js
1010,MATLAB
1011,Математический анализ
1012,Математическое моделирование
1013,Математическое программирование
1014,Математическая статистика
1015,Pandas
1016,Machine Learning
1017,Numpy
1018,Data Analysis
1019,Matplotlib
1020,SciPy
1021,Deep Learning
1022,Data Science
1023,Машинное обучение
1024,Scikit-learn
1025,Maple
1026,Mathematical Analysis
1027,PyTorch
1028,Mathematical Modeling
1029,sklearn
1030,Tensorflow
1031,Keras
1032,Computer Vision
1033,Управление временем
1034,Управление продуктом
1035,Agile Project Management
1036,Управление интернет-проектами
1037,Golang
1038,Swift
1039,CocoaPods
1040,Alamofire
1041,Xcode
1042,Веб-программирование
1043,Bitrix
1044,Блочная верстка
1045,мужская стрижка
1046,женская стрижка
1047,кератин
1048,счастье для волос
1049,сложные окрашивания
1050,"Честность, порядочность, пунктуальность, доброжелательность, ответственность"
1051,Отчетная калькуляция по фактической себестоимости ОС
1052,трудолюбивый
1053,позитив
1054,Любовь к животным
1055,Экстраверт
1056,Фотография
1057,Фотомонтаж
1058,Обработка изображений
1059,Мотивированность на результат обучения
1060,"навыки обслуживания людей, умение проявлять тактичность и толерантность"
1061,Раскрой и пошив трикотажных изделий
1062,Продажи юридическим лицам
1063,заполнение путевых листов
1064,умение пользоваться различной навигационной системой
1065,знание ПДД
1066,Наличие категории D
1067,Общение с клиентами
1068,Аналитические способности
1069,Высокая скорость работы
1070,Публичные выступления
1071,Системность
1072,Битрикс24
1073,beauty
1074,бьюти
1075,удаленная работа
1076,CRM Битрикс 24
1077,В2В продажи
1078,Ведение деловой переписки
1079,Знание MS Office
1080,Вирусный маркетинг
1081,Контекстная реклама
1082,Таргетинг
1083,Сегментация рынка
1084,Анализ бизнес показателей
1085,WEB аналитика
1086,Знание ПДД
1087,Пассажирские перевозки
1088,Умение оформлять путевые документы
1089,Опрятный внешний вид
1090,"Замена четвертей и половинок,работа с б\у запчастями"
1091,Умение проявлять гибкость
1092,Планирование закупок
1093,Ценообразование
1094,Анализ ассортиментной линейки
1095,"уверенное пользование ПК, знание программ MS Office"
1096,Наращивание ресниц
1097,Не конфликтность
1098,Монтаж металлоконструкций
1099,Производство строительно-монтажных работ
1100,Управление строительством
1101,Ретушь
1102,Adobe Lightroom
1103,Цветокоррекция
1104,Чувство вкуса
1105,Знание английского
1106,Сосредоточенность
1107,Обработка фото
1108,Модульное тестирование
1109,Databases
1110,QA
1111,TestLink
1112,Bug Tracking Systems
1113,Автоматизация
1114,Atlassian Confluence
1115,Modbus
1116,1С версия 11.1
1117,Аналитический склад ума
1118,Знание международного документа оборота
1119,Развитие брендов
1120,продажи по телефону
1121,работа на кассе
1122,консультрование клиентов
1123,Управление курьерской службой
1124,обработка входящей корреспонденции
1125,дополнительные продажи
1126,Инкассация
1127,Медиапланирование
1128,Отличное знание ПК
1129,Умение работать с большим количеством информации
1130,Проверка контрагентов
1131,Технические системы и средства безопасности
1132,Согласование договоров
1133,Инспекционные проверки
1134,Подбор сотрудников
1135,Уборка
1136,планировать и оптимально организовать рабочий процесс
1137,Штукатурные работы
1138,косметический ремонт помещений
1139,Active Directory
1140,Настройка DNS
1141,MS Exchange
1142,MS SQL
1143,Сбор требований
1144,Групповое обучение
1145,Индивидуальное обучение
1146,чистоплотность
1147,Сантехника
1148,ArchiCAD
1149,SketchUp
1150,Civil 3D
1151,Опыт
1152,Программы пакета Adobe
1153,Bash
1154,Администрирование серверов Linux
1155,Техническая поддержка
1156,Испанский — C1 — Продвинутый
1157,Sales Skills
1158,Sales Management
1159,Presentation skills
1160,Customer Relationship Management
1161,Negotiation skills
1162,Испанский язык
1163,Колористика
1164,Умение общаться с клиентами
1165,Энтузиазм
1166,Google AdWords
1167,E-Mail Marketing
1168,Интернет-реклама
1169,Яндекс.Директ
1170,Instagram
1171,Facebook
1172,Vkontakte
1173,Анализ посещаемости сайтов
1174,Разработка маркетинговой стратегии
1175,Металлообработка
1176,Наполнение контентом
1177,общительность
1178,Добропорядочность
1179,Работа с ручным и электроинструментом
1180,Архитектура малых форм
1181,Adobe Design
1182,монтаж стеклянных ограждений
1183,1 С УНФ
1184,Правовые системы
1185,Учредительные документы
1186,Гражданский кодекс РФ
1187,Дебиторская задолженность
1188,Знание законодательства
1189,способность быстро обучаться и легко воспринимать крупные объемы информации
1190,навыки работы с электронной почтой
1191,Опыт работы с людьми
1192,Навыки общения с клиентами
1193,Ведение первичной документации
1194,Владение ПК на уровне уверенного пользователя
1195,Пиготовление суши и роллов
1196,Приготовление салатов
1197,Встреча гостей
1198,"грамотная речь, ответственность, пуктуальность, доброжелательность"
1199,"клиентоориентированность, исполнительность"
1200,СОУЭ
1201,Производитель работ
1202,Ведение переписки
1203,Общение
1204,Проведение аллерготестов
1205,Аллергология
1206,Хирургия
1207,Флеболог
1208,Проктолог
1209,Практическая медицина
1210,врач
1211,Профилактика
1212,Психотерапия
1213,Педиатрия
1214,Гастроэнтерология
1215,Ревматология
1216,Урология
1217,Детская хирургия
1218,медицинская сестра
1219,операционное дело
1220,Малая хирургия
1221,Бизнес-анализ
1222,BPMN
1223,UML
1224,Аналитические исследования
1225,Моделирование бизнес процессов
1226,Magento
1227,Scrum
1228,Kanban
1229,Критическое мышление
1230,PMI
1231,Настройка ПК
1232,Wifi networks
1233,Сборка ПК
1234,Логус
1235,Mango
1236,iiko
1237,Организация мероприятий для сотрудников
1238,"Администрирование приема, перевода и увольнения сотрудников"
1239,Оформление больничных листов и отпусков
1240,Штатное расписание
1241,кадровый документооборот
1242,Аттестация рабочих мест
1243,Ведение архива
1244,Оформление трудовых книжек
1245,Отчетность в государственные фонды
1246,Мониторинг рынка
1247,Работа с юридическими лицами
1248,ACDSee
1249,Total Commander
1250,печатное оборудование
1251,планшетник УФ
1252,работа на принтере
1253,уф принтер
1254,Проактивность
1255,Нацеленность на результат
1256,Позитивный склад характера
1257,Стремление к профессиональному и личностному росту
