id_languages,Name
1,Русский Родной
2,Английский C1
3,Греческий A1
4,Английский B2
5,Английский B1
6,Английский C2
7,Испанский A1
8,Армянский Родной
9,Английский A2
10,Русский C2
11,Английский A1
12,Немецкий B1
13,Немецкий A2
14,Украинский B1
15,Украинский C2
16,Карачаево-Балкарский Родной
17,Немецкий A1
18,Греческий C2
19,Узбекский C2
20,Армянский C2
21,Французский B1
22,Корейский A2
23,Грузинский B2
24,Литовский C1
25,Итальянский A2
26,Испанский A2
27,Французский A2
28,Немецкий B2
29,Армянский A1
30,Азербайджанский B2
31,Турецкий B1
32,Японский A1
33,Португальский A1
34,Казахский Родной
35,Татарский C2
36,Арабский Родной
37,Русский B2
38,Казахский A1
39,Французский B2
40,Польский C1
41,Таджикский Родной
42,Персидский C2
43,Французский A1
44,Казахский C2
45,Испанский B1
46,Китайский C1
47,Белорусский C2
48,Испанский C1
49,Азербайджанский C2
50,Греческий B1
51,Чешский C2
52,Греческий B2
53,Латинский A1
54,Словенский C2
55,Французский C2
56,Азербайджанский A1
57,Карачаево-Балкарский C2
58,Кумыкский C2
59,Татарский A1
60,Турецкий A1
61,Норвежский A1
62,Турецкий A2
63,Немецкий C1
64,Польский A2
65,Итальянский A1
66,Турецкий Родной
67,Русский B1
68,Казахский C1
69,Японский C1
70,Грузинский C1
71,Татарский C1
72,Турецкий B2
73,Чувашский C2
74,Сербский A2
75,Кумыкский Родной
76,Украинский C2
77,Английский Родной
78,Китайский A1
79,Иврит C2
