id_benefits,Name
1,Своевременная оплата труда 
2,Оплата больничного 
3,Медицинское страхование 
4,"Наличие кухни, места для обеда "
5,Профессиональное обучение 
6,Удобное расположение работы 
7,Корпоративные мероприятия 
8,Система наставничества 
9,Гибкий рабочий график
10,Место для парковки 
11,Удаленная работа 
12,Оплата транспортных расходов 
13,Оплата мобильной связи 
14,Корпоративный транспорт 
15,Компенсация питания 
