id_industry,Name
1,"Информационные технологии, системная интеграция, интернет"
2,"Перевозки, логистика, склад, ВЭД"
3,Услуги для населения
4,"СМИ, маркетинг, реклама, BTL, PR, дизайн, продюсирование"
5,"Строительство, недвижимость, эксплуатация, проектирование"
6,"Электроника, приборостроение, бытовая техника, компьютеры и оргтехника"
7,"Медицина, фармацевтика, аптеки"
8,Сельское хозяйство
9,"Промышленное оборудование, техника, станки и комплектующие"
10,Услуги для бизнеса
11,Розничная торговля
12,Товары народного потребления (непищевые)
13,Автомобильный бизнес
14,"Гостиницы, рестораны, общепит, кейтеринг"
15,Нефть и газ
16,"Химическое производство, удобрения"
17,"Металлургия, металлообработка"
18,Продукты питания
19,ЖКХ
20,Добывающая отрасль
21,Образовательные учреждения
22,Государственные организации
23,Тяжелое машиностроение
24,Финансовый сектор
25,"Телекоммуникации, связь"
26,Энергетика
27,Управление многопрофильными активами
