id_key_skills,name
1,Представительство в суде
2,Арбитражный процесс
3,Арбитражные суды
4,судебные разбирательства
5,Судебное представительство
6,Такском
7,прохождение налоговых проверок
8,QuickBooks
9,Прохождение проверок налоговых инспекций
10,1:С ЗУП
11,Обеспечение жизнедеятельности офиса
12,Прием посетителей
13,Закупка товаров и услуг
14,исполнение поручений руководителя
15,Исполнение личных поручений руководителя
16,SOAP
17,ERP-системы на базе 1С
18,Английский язык
19,1С программирование
20,1С: Управление Торговлей
21,Jira
22,Git
23,Python
24,Redis
25,PostgreSQL
26,RabbitMQ
27,Figma
28,Понимание UI/UX
29,Английский - B2 - Средне-продвинутый
30,Adobe Illustrator (опционально)
31,Adobe Photoshop (опционально)
32,Английский — B2 — Средний
33,Комьюнити-менеджмент
34,Составление и реализация контент-планов
35,Разработка SMM-стратегии
36,"Анализ рынка, аудитории и конкурентов"
37,"Привлечение подписчиков, увеличение аудитории"
38,JavaScript
39,TypeScript
40,ReactJS
41,React Native
42,Redux
43,MobX
44,Английский — B1 — Средний
45,Django Framework
46,asyncio
47,Kafka
48,Высоконагруженные системы
49,Objective-C
50,Java
51,ООП
52,iOS
53,Android
54,C/C++
55,CSS3
56,Less
57,HTML5
58,CSS
59,Английский — C1 — Продвинутый
60,Копирайтинг
61,Написание текстов
62,SEO-копирайтинг
63,SMM
64,Пользователь ПК
65,Работа в команде
66,Контроль сроков годности
67,Приемка груза
68,Электронная почта
69,Английский — A1 — Начальный
70,Грамотная речь
71,Навыки продаж
72,Деловое общение
73,Грамотность
74,B2C продажи
75,Трейдинг
76,Консультативные продажи
77,Ведение переговоров
78,Деловая коммуникация
79,UX
80,Adobe Illustrator
81,Adobe Photoshop
82,Дизайн интерфейсов
83,UI
84,Web-дизайн
85,Дизайн
86,Проектирование пользовательских интерфейсов
87,Ведение отчетности
88,Системное мышление
89,Биржевые торги
90,Многозадачность
91,Удаленная работа
92,Финансовая отчетность
93,Управленческая отчетность
94,Оцифровка деятельности предприятия
95,Корпоративное право
96,Договорная работа
97,Гражданское право
98,Юридическое сопровождение
99,Трудовое право
100,Защита интеллектуальной собственности
101,Быстрая обучаемость
102,Ответсвенность
103,Результативность
104,Сфокусированность на результате
105,Умение понимать человека и его потребности
106,Уважительное отношение к клиенту
107,Стрессоустойчивость
108,Умение продавать дорого
109,Оперативность
110,Умение искать клиента в интернете
111,Умение вести переписку в мессенджерах оперативно и общаться голосовыми
112,Осознанность и умение брать на себя ответственность
113,Позитивный взгляд на вещи
114,Чувство юмора
115,Умение строить доверительные отношения с клиентом
116,Google Chrome
117,Водительские права категории В
118,Работа в условиях многозадачности
119,Работа с компьютером
120,Спокойный
121,Водительское удостоверение категории BCE
122,Ответственность и пунктуальность
123,"Коммуникабельность, ответственность"
124,Наполнение контентом
125,Написание статей
126,Анализ данных
127,Управление проектами
128,Подготовка презентаций
129,Оприходование товара
130,1С: Документооборот
131,1С: Розница
132,Excel
133,1C: Предприятие
134,Ответственность
135,1С: Предприятие 8
136,Ремонтные работы
137,Гарантийное обслуживание
138,Опытный пользовать ПК
139,AutoCAD
140,SolidWorks
141,Компас-3D
142,Технический контроль производства
143,Системы вентиляции
144,Бытовые приборы
145,серийное производство
146,Проектная документация
147,Коммуникабельность
148,Внимательность к деталям
149,ГОСТы
150,Графический дизайн
151,Креативность
152,Adobe InDesign
153,Генерация идей
154,Коммуникативные навыки
155,Разработка ПО
156,Программирование микроконтроллеров
157,IoT
158,Аналитическое мышление
159,Схемотехника электронного оборудования
160,Знание С
161,Навыки межличностного общения
162,Маникюр
163,Педикюр
164,Лабораторная диагностика
165,Испытания СИ
166,Контроль качества
167,Работа с жалобами клиентов
168,Консультирование клиентов по телефону
169,Товароведение
170,Учет товаров
171,Выкладка товаров
172,Умение работать в команде
173,Умение принимать решения
174,Умение расставлять приоритеты
175,MS Dos
176,Анализ финансовой отчетности
177,ГОЗ
178,Ведение документации
179,Оптимизация логистических процессов
180,Транспортная логистика
181,Заключение договоров
182,1С: Торговля
183,Контроль дебиторской задолженности
184,Логистика
185,MS Excel
186,MindManager
187,CRM
188,Умение анализировать
189,Активные продажи
190,Прямые продажи
191,Работа с возражениями
192,Деловая переписка
193,Телефонные переговоры
194,Google таблицы
195,АТИ
196,Внутрироссийские грузоперевозки
197,Электротехнические работы
198,Работа с большим объемом информации
199,"ООО ""Валее-95"""
200,Организация производства
201,Техническая грамотность
202,Опыт работы на производстве
203,"умение проявлять внимание, заинтересованность, дружелюбие"
204,Умение работать в условиях многозадачности
205,Знание компьютера
206,Знание бухгалтерского учета
207,Статистический анализ
208,Опытный пользователь ПК
209,Сборочное производство
210,Массовое производство
211,Консультация
212,Дружелюбность
213,Способность к обучению и восприятию информации
214,Поиск информации в интернет
215,Работа с людьми
216,Знание 1С
217,Доброжелательность
218,Трудолюбие
219,Документооборот
220,Работа с кассой
221,"коммуникабельность, дисциплина"
222,Работа с юридическими лицами
223,amoCRM
224,MS CRM
225,Водительское удостоверение категории B
226,Точность и внимательность к деталям
227,Стоматология
228,Поиск и привлечение клиентов
229,Работа с дебиторской задолженностью
230,HoReCa
231,Умение планировать
232,Окрашивание волос
233,Женские стрижки
234,Мужские стрижки
235,входящие звонки
236,Организаторские навыки
237,Internet
238,Творческое мышление
239,Детская психология
240,Работа с оргтехникой
241,Делопроизводство
242,Оптовая торговля
243,MS Word
244,Работа с маркетплейсами
245,Обучение персонала
246,Управление персоналом
247,Реинжиниринг бизнес-процессов
248,Разработка регламентов
249,Первичные документы
250,Работа с претензиями
251,Документальное сопровождение
252,оформление документации
253,Управление командой
254,Управление офисами компании
255,Мерчандайзинг
256,Кассовые операции
257,Ведение групп в социальных сетях
258,Инстаграм
259,Организация хранения документации
260,входящая документация
261,Исходящая документация
262,регистрация документации
263,первичная обработка документации
264,Первичная документация
265,Первичная бухгалтерская документация
266,работа с текущей базой клиентов
267,Мерчендайзинг
268,Традиционная розница
269,Современная розница
270,Сварочные работы
271,Сварка
272,Слесарные работы
273,Работа с чертежами
274,Заинтересованность
275,Мотивированность на результат
276,Опыт работы в команде
277,Взаимодействие с надзорными организациями
278,Инженерные системы
279,Техническая эксплуатация
280,нормативно-техническая документация
281,Эксплуатация
282,B2B Продажи
283,Холодные звонки
284,Холодные продажи
285,Проведение презентаций
286,Контроль отгрузок
287,Складской Учет
288,Проведение инвентаризаций
289,Развитие продаж
290,Подбор персонала
291,Продажи корпоративным клиентам
292,Высшее образование
293,Оптовые продажи
294,Английский — B2 — Средне-продвинутый
295,ВЭД
296,Логистика поставок
297,Знание английского языка
298,Закупки
299,Ведение активных клиентов
300,E-Commerce
301,DIY
302,Права категории B
303,Готовность к командировкам
304,Опыт успешных переговоров
305,Управление производством
306,Руководство коллективом
307,Подбор производственного персонала
308,оператор ЧПУ
309,лазерная резка
310,корректировка программ со стойки
311,лазер
312,лазерная резка металла
313,Бережливое производство
314,закупка комплектующих
315,закупка расходных материалов
316,Оптимизация закупок
317,Клиентоориентированность
318,Желание зарабатывать
319,Разработка технических заданий
320,Лидерство
321,Оптимизация бизнес-процессов
322,Проектная деятельность
323,Навыки переговоров
324,Охрана труда и техника безопасности
325,Взаимодействие с контрольными органами
326,Производственный контроль
327,Сервопривод
328,Методы инструментальной диагностики
329,Совершенствование процессов
330,TOGAF
331,GSM
332,Кадровое делопроизводство
333,Табель учета рабочего времени
334,Должностные инструкции
335,Трудовое законодательство РФ
336,Консультирование сотрудников по вопросам трудового законодательства
337,Разработка локальных нормативных актов
338,Уверенный пользователь ПК
339,Ответственное хранение
340,Работа с документами
341,Навыки работы с первичной документацией
342,Гибкость
343,столярные работы
344,Организационные навыки
345,Плотницкие работы
346,Notion
347,Организация стажировок
348,Работа с партнерами
349,Умение находить подход к людям
350,IT Recruitment
351,Мобильность
352,Управление продажами
353,Аналитика продаж
354,Планирование продаж
355,MS PowerPoint
356,Анализ рынка
357,Маркетинговые исследования
358,Продвижение бренда
359,Разработка стратегии продвижения продуктов
360,Маркетинговое планирование
361,Разработка программ лояльности для клиентов
362,Стимулирование потребителей
363,Ориентация на результат
364,Бюджетирование
365,Финансовый анализ
366,Финансовый контроль
367,Альт-Инвест
368,1С: Бухгалтерия
369,Анализ конкурентной среды
370,1С-Битрикс
371,HTML
372,Обучение и развитие
373,Bitrix
374,HTML-верстка
375,Экспедирование
376,Автомобильные грузоперевозки
377,Работа с клиентами
378,знание дорог города / области
379,Проведение переговоров
380,Привлечение клиентов
381,1С: Комплексная автоматизация
382,1C: Бухгалтерия
383,Ведение клиентской базы
384,Работа в программе 1С
385,Розничные продажи
386,Знание устройства автомобиля
387,Техническое обслуживание
388,Знание программы 1С
389,Работа с первичной документацией
390,Оформление возврата продукции
391,Реклама
392,MS Access
393,Продвижение объекта
394,Маркетплейсы
395,Математический склад ума
396,ВПР
397,Продвижение
398,Бизнес-планирование
399,Автомобильные перевозки
400,Управление работой с ключевыми клиентами
401,Водительское удостоверение категории BC
402,Погрузка
403,Личный автомобиль
404,Грузоперевозки
405,ABC analysis
406,Аналитические навыки
407,работа в условиях многозадачности
408,SQL
409,Бизнес-анализ
410,Аналитика
411,Автоматизация документооборота
412,Описание бизнес-процессов
413,Анализ бизнес-процессов
414,Написание ТЗ
415,Составление ТЗ
416,парсинг
417,Аналитический склад ума
418,Опытный пользователь 1C
419,Веб-аналитика
420,Вывод карточек в ТОП
421,Лидерские качества
422,планировать и оптимально организовать рабочий процесс
423,Продвинутый пользователь Excel
424,работа на результат
425,Знание Excel
426,Навыки улаживания конфликтов
427,Продвинутый пользователь ПК
428,Переговоры
429,Знание MS Office
430,ABC-анализ
431,Адаптация персонала
432,Оценка персонала
433,Корпоративная культура
434,1С: Зарплата и управление персоналом
435,Складской документооборот
436,Учет остатков
437,отгрузка товаров
438,Инвентаризация
439,Непрерывное производство
440,Организация встреч
441,Умение легко находить контакт с людьми
442,Аналитические способности
443,Ресторанный менеджмент
444,План-фактный анализ бюджета
445,Анализ текущих финансовых показателей
446,Работа с базами данных
447,Финансовое планирование
448,Краткосрочное бюджетирование и планирование
449,Стратегическое мышление
450,Отделка помещений
451,Штукатурные работы
452,Малярные работы
453,косметический ремонт помещений
454,Охрана объекта
455,Консультант плюс
456,1С: Управление Производственным Предприятием
457,Ведение бухгалтерского и налогового учета
458,Работа с поставщиками
459,китайский язык
460,Поиск поставщиков
461,Налоговая отчетность
462,Бухгалтерская отчетность
463,Основные средства
464,Статистическая отчетность
465,Контур-Экстерн
466,Бухгалтерский учет
467,Расчет затрат
468,ТМЦ
469,Годовой баланс
470,Учет ТМЦ
471,реализация товаров и услуг
472,Лизинговые операции
473,поиск поставщиков
474,Adobe Acrobat
475,CREDO
476,Инженерные изыскания
477,Лабораторная работа
478,Консультирование
479,Торговля
480,Высокие коммуникативные навыки
481,Быстрообучаемый
482,Строительно-отделочные материалы
483,Работа с договорами
484,Мотивация
485,"навыки делового общения, ведения переговоров"
486,Навыки работы с возражениями
487,Консультирование клиентов
488,Проектирование
489,Разработка проектной документации
490,ОВиК
491,ВК
492,Google Docs
493,Планирование карьеры
494,ozon
495,Wildberries
496,SEO
497,Google Sheets
498,Продавец-консультант
499,Project management
500,Team management
501,MS Outlook
502,Time management
503,Стерилизация инструментов
504,Точность и внимательность
505,Работа в 4 руки
506,Регистрация юридических лиц
507,Составление договоров
508,Гарант
509,Разработка инструкций
510,Техническая документация
511,CorelDRAW
512,Чтение чертежей
513,технологические карты
514,CAD
515,Работа в режиме многозадачности
516,Способность быстро обучаться
517,Умение работать с клиентами
518,Приветливость
519,Чистоплотность
520,Банк-клиент
521,Управление документооборотом
522,Эксплуатационные документы
523,Эксплуатация торгового центра
524,Договоры аренды
525,Tax Accounting
526,Кассовые документы
527,Мотивация персонала
528,Разработка и внедрение системы KPI
529,Обучение команды продаж
530,Разработка долгосрочной системы мотивации
531,План продвижения
532,Малоэтажное строительство
533,Претензионная работа
534,Полуавтоматическая сварка
535,Сварка толстостенного металла
536,Сварка металлоконструкций
537,ERP Systems
538,Написание программ
539,Корректировка программ
540,Обработка деталей
541,фрезерно-расточная группа
542,токарная группа
543,Подбор режущего инструмента
544,Написание технологических процессов
545,разработка чертежей
546,Inventor
547,Чтение технической документации
548,Расчет и анализ себестоимости продукции и услуг
549,Бухгалтерия
550,Ремонт ПК
551,Ремонт принтера
552,Электрика
553,Точность
554,Умение общаться с людьми
555,Готовность обучаться
556,Терпеливость
557,Фотошоп
558,Организация рабочего процесса
559,Желание работать и зарабатывать
560,Желание обучаться
561,ПК
562,Работа в графических редакторах
563,Оптимизация рабочего процесса
564,программирование станка
565,настройка станка
566,оформление заказов
567,Розничная торговля
568,Обслуживание покупателей
569,Продажи
570,Опыт продаж
571,Сборка мебели
572,Входящая корреспонденция
573,исходящая корреспонденция
574,Поддержка работы офиса
575,первичный документооборот
576,Проведение опросов клиентов
577,1С: Предприятие: Розница
578,Навыки обслуживания людей
579,"умение слушать, давать компетентные советы, находить подход к клиентам"
580,Умение управлять временем
581,"Коммуникабельность, стрессоустойчивость"
582,Знание ПК
583,Знание CRM систем
584,Контроль персонала
585,Составление графиков работы
586,Управление отношениями с клиентами
587,Анализ продаж
588,Управленческие навыки
589,Отчетность
590,Конкурентная аналитика
591,Управление сотрудниками в регионах
592,Удаленный менеджмент
593,Оперативное планирование
594,Битрикс 24
595,Повышение конверсии
596,Расширение клиентской базы
597,Работа с ключевыми клиентами
598,Желание работать
599,желание развиваться
600,Конструирование
601,Проектно-конструкторская деятельность
602,ArtCAM
603,Базис Мебельщик
604,Pro100
605,Деревообработка
606,Аккуратность
607,Дисциплина
608,FMCG Продажи
609,Поварское дело
610,Инициативность
611,Умение эффективно планировать свое время
612,Материальная ответственность
613,Zabbix
614,Elasticsearch
615,elk
616,Prometheus
617,grafana
618,MongoDB
619,ClickHouse
620,GitLab
621,Kubernetes
622,K8s
623,Helm
624,CI/CD
625,Linux
626,СУБД
627,Ansible
628,ELK
629,ETL
630,ETL/ELT
631,Atlassian Jira
632,Jenkins
633,Проведение тестирований
634,Selenium
635,Электронный документооборот
636,MS Project Expert
637,MS Visio
638,многозадачность
639,готовность к физической работе 50/50
640,MS Office
641,Hibernate ORM
642,Spring Framework
643,TCP/IP
644,Docker
645,Gitlab
646,REST API
647,Знание офисных программ
648,"Опытный пользователь ПК, знание MS Office"
649,Контроль оформления документов
650,Медицинская документация
651,Ведение деловой переписки
652,Целеустремленность
653,Yclients
654,Администрирование
655,Опрятность
656,Желание учиться и развиваться
657,Управление производственным персоналом
658,Химические методы анализа
659,Основы геологии
660,Программы промывки скважин
661,Научные исследования
662,Умение работать в коллективе
663,Стабильность
664,Безопасность
665,Военный билет (для военнообязанных)
666,Microsoft Office
667,умение продавать
668,Подготовка коммерческих предложений
669,1С: Склад
670,Управление погрузчиком
671,Вождение дизельного погрузчика
672,Складское ПО
673,Склад
674,Водительское удостоверение категории BCD
675,"способность анализировать проблемы, эффективно искать пути их разрешения"
676,Знание города
677,Знание Москвы
678,Управление службой охраны
679,Виды страхования
680,работа с гражданами
681,Навыки составления отчетности
682,Служба в ВС (для военнообязанных)
683,Продажа дополнительных услуг и оборудования
684,Ориентация на клиента
685,Грамотная устная и письменная речь
686,Способность обучать других
687,Обеспечение внутренней безопасности
688,Организация мероприятий
689,Уголовное процессуальное право
690,Организация деловых поездок
691,Строительный контроль
692,Технический надзор
693,Умение организовать работу
694,Стремление к профессиональному росту
695,Позитивное мышление
696,Node.js
697,Soft skills
698,NodeJS
699,Vue.js
700,Typescript
701,Kotlin
702,Прием и распределение телефонных звонков
703,Российские стандарты бухгалтерского учета
704,Локальное налогообложение
705,Международное налогообложение
706,Баланс
707,Медицинское оборудование
708,Добросовестность
709,исходящие звонки
710,Уборка помещений
711,Генеральные уборки
712,Работа с дезинфицирующими средствами
713,Помощь врачу стоматологу
714,Социальные сети
715,Fashion
716,Fashion Trends
717,Эмпатия
718,Торговый маркетинг
719,Маркетинговый анализ
720,Кадровое планирование
721,Анализ организационной структуры компании
722,разработка нормативных документов
723,составление штатного расписания
724,Высокая энергичность и инициативность
725,Стремление к профессиональному развитию
726,Структурированность
727,Грейдинг
728,1С: Зарплата и кадры
729,Нормирование труда
730,Производственное планирование
731,Навыки планирования
732,Стремление к саморазвитию
733,Капитальный ремонт
734,Составление сметно-проектной документации
735,Гранд-смета
736,Работа с контрагентами
737,Знание ТК РФ
738,1С: Управление персоналом
739,Автоматизация процессов управления персоналом
740,Сдельно-премиальная оплата труда
741,Компенсации и льготы
742,Оценка должностей
743,Участие в обзорах заработных плат
744,Выполнение поставленных задач
745,Аттестация
746,Стремление к развитию
747,Бетонные работы
748,Коммуникация
749,Штатное расписание
750,Трудовой кодекс РФ
751,Маркетинг
752,Умение слушать
753,телефонные продажи
754,Теплые продажи
755,Водоснабжение и канализация
756,Autodesk Revit
757,SCAD
758,Lira
759,Расчеты
760,Техническое задание
761,Составление смет
762,Сметы
763,Строительство
764,Работа с проектной документацией
765,Реконструкция
766,Autodesk 3ds Max
767,Сверка взаиморасчетов с поставщиками товаров и услуг
768,Учет поступающих ТМЦ
769,оформление приходно-расходных документов
770,Ревизия финансово-хозяйственной деятельности компании
771,Списание ТМЦ
772,"Участок ""ТМЦ"""
773,Mac Os
774,Helpdesk
775,R-Keeper
776,Сервис
777,Улаживание конфликтов
778,Навыки разрешения спорных ситуаций
779,Стандарты гостеприимства
780,Кондитер
781,Шоколатье
782,Пекарь
783,Пиццмейкер
784,Тестомес
785,Тестовод
786,Повар
787,Десерты
788,Кондитерские изделия
789,Торты
790,Административная поддержка руководителя
791,Планирование рабочего дня руководителя
792,Xerox
793,Epson
794,Соблюдение сроков
795,Чувство стиля
796,Базовые знания 1С
797,Печать
798,MySQL
799,PHP
800,Навыки презентации
801,Эмоциональный интеллект
802,Продажи физическим лицам
803,Навыки делового общения
804,3ds Max
805,3D Max
806,Умение находить общий язык
807,3D Моделирование
808,3D-графика
809,"навыки обслуживания людей, умение проявлять тактичность и толерантность"
810,Теплые звонки
811,Высокий уровень самоорганизации
812,Внутренние коммуникации
813,Кадровая стратегия
814,Командообразование
815,Организация системного рекрутмента
816,Адаптация
817,Проведение тренинга для новых сотрудников
818,Деловая этика
819,Желание учиться
820,Быстрое обучение
821,Творческий подход к продажам
822,Навыки телефонных продаж
823,Участие в Тендерах
824,Тендеры
825,подготовка документов для участия в тендерах
826,3d принтеры
827,3d печать
828,Макетирование
829,Корпоративные продажи
830,Управление затратами
831,Планирование
832,Fusion
833,Анализ себестоимости
834,архитектурные макеты
835,Управление эффективностью
836,Литье пластика
837,Вакуумное литье
838,Курьер-водитель
839,Хорошее знание города
840,Водитель
841,снабжение
842,Закупки из Китая
843,1С: Управление Закупками
844,Закупка оргтехники и оборудования
845,Управление закупками
846,Опыт установки программ
847,Желательно знание 3Ds Max
848,V-Ray
849,ZBrush
850,Substance Painter
851,Hard-Surface
852,TurboSmooth
853,SubD моделирование
854,Blender 3D
855,Текстурирование
856,3D
857,UV развертка
858,Autodesk Maya
859,Substance Designer
860,Фотореалистичная визуализация
861,Проведение тендеров
862,ARM
863,Разработка электросхем
864,Электроника
865,Электротехника
866,Робот
867,Составление исков
868,MS Visual Studio
869,Arduino
870,Микроконтроллеры
871,C++
872,Оптимизация кода
873,Ubuntu Server
874,ланбиллинг
875,битрикс24
876,GPON
877,СКС
878,Настройка оборудования
879,слаботочные системы
880,Настройка сетевых подключений
881,Монтаж СКС
882,ВОЛС
883,Монтаж инженерных систем
884,Оптоволокно
885,Связь
886,Администрирование сетевого оборудования
887,Cisco
888,Телекоммуникации
889,Сетевое оборудование
890,LAN
891,VPN
892,ЦОД
893,Системы мониторинга сетей
894,Сетевые технологии
895,Телефония
896,ТУ
897,Электрические системы и слаботочные системы
898,СНИПы
899,MSOffice
900,Преподаватель
901,Driving Licence B
902,Поставленная речь
903,Умение работать с людьми
904,Обучение
905,Опыт преподавания
906,Nginx
907,KVM
908,Apache
909,dns
910,DHCP
911,Старательность
912,работа с электроинструментом
913,Электромонтажные работы
914,Умение работать на результат
915,Самоконтроль
916,Ответственность и исполнительность
917,Разработка конструкторской документации
918,Без опыта работы
919,Оперативный поиск информации в сети Интернет
920,сдельная система оплаты труда
921,Работать в команде
922,3S сепараторы
923,Проектирование трубопроводов
924,САПР
925,1С: Производство
926,Skype
927,Расчет зарплаты
928,Мотивация сотрудников
929,суммированный учет рабочего времени
930,Расчет себестоимости
931,Менеджер по продажам
932,Сводные таблицы
933,Хорошая обучаемость
934,основы продуктового маркетинга
935,1С: ERP
936,1С: CRM ERP
937,Экспортные продажи
938,проведение переговоров с первыми лицами компании
939,1С: Предприятие
940,Наличие успешного опыта в продажах
941,1С: Бухгалтерия и склад
942,Стратегический менеджмент
943,MS Paint
944,Журнал учёта ТМЦ
945,Пуско-наладочные работы
946,Внимание к мелочам
947,Монтаж оборудования
948,Сельское хозяйство
949,Уверенный пользователь MS Office
950,Компас
951,1С
952,Ведение первичной документации
953,Отличное знание ПК
954,Экономический анализ
955,Движение денежных средств
956,Составление бизнес-плана
957,Работа с ТМЦ
958,Оптимизация затрат
959,Формирование бюджета
960,Контроль поставок
961,Умение разрешать конфликтные ситуации
962,умение работать в команде
963,уборка
964,Навыки ведения переговоров
965,Выносливость
966,Организация и планирование рабочего времени
967,Работа в коллективе
968,энергичность
969,Бумажный документооборот
970,Вождение грузового автомобиля
971,Наличие автомобиля
972,Производство пусконаладочных работ
973,Редактирование текстов
974,Системы канализации и водоснабжения
975,Проектирование систем отопления
976,Отопление
977,Общая психология
978,Возрастная психология
979,Психология
980,Организация службы безопасности с «0»
981,увеличение клиентской базы
982,Управление рестораном
983,Гостиничный менеджмент
984,Общественное питание
985,Спортивный массаж
986,Классический массаж
987,Массаж
988,Лояльность
989,Капитальный ремонт помещений
990,Санитарный контроль
991,Кассовый аппарат
992,Административная работа
993,MS SQL
994,XML
995,Режим многозадачности
996,1С: Логистика
997,Вести переговоры
998,Высокая энергичность
999,Проведение ревизий
1000,Расчет НДС
1001,1C: Зарплата и кадры
1002,Диадок
1003,Контроль ведения налоговой отчетности
1004,Внутренний контроль
1005,Расстановка приоритетов
1006,Работа с детьми
1007,Любовь к детям
1008,Ведение книги продаж
1009,Работа с банками
1010,Android SDK
1011,Java Core
1012,Spring
1013,Hibernate
1014,Apache Maven
1015,Web
1016,Bootstrap
1017,AngularJS
1018,Верстка
1019,React.js
1020,MATLAB
1021,Математический анализ
1022,Математическое моделирование
1023,Математическое программирование
1024,Математическая статистика
1025,Pandas
1026,Machine Learning
1027,Numpy
1028,Data Analysis
1029,Matplotlib
1030,SciPy
1031,Deep Learning
1032,Data Science
1033,Машинное обучение
1034,Scikit-learn
1035,Maple
1036,Mathematical Analysis
1037,PyTorch
1038,Mathematical Modeling
1039,sklearn
1040,Tensorflow
1041,Keras
1042,Computer Vision
1043,Тайм-менеджмент
1044,Управление временем
1045,Управление продуктом
1046,Agile Project Management
1047,Управление интернет-проектами
1048,Менеджмент
1049,Golang
1050,Swift
1051,CocoaPods
1052,Alamofire
1053,Xcode
1054,ORACLE
1055,Базы данных
1056,мужская стрижка
1057,женская стрижка
1058,кератин
1059,счастье для волос
1060,сложные окрашивания
1061,Наращивание ногтей
1062,"Честность, порядочность, пунктуальность, доброжелательность, ответственность"
1063,Стремление к карьерному росту
1064,Ответственный подход к работе
1065,Желание работать и развиваться
1066,Опыт работы с людьми
1067,Отчетная калькуляция по фактической себестоимости ОС
1068,трудолюбивый
1069,позитив
1070,Планирование закупок
1071,Ценообразование
1072,Анализ ассортиментной линейки
1073,"уверенное пользование ПК, знание программ MS Office"
1074,Быстрая реакция
1075,Наращивание ресниц
1076,Расчет заработной платы
1077,Монтаж металлоконструкций
1078,Производство строительно-монтажных работ
1079,Управление строительством
1080,Обработка изображений
1081,Ретушь
1082,Adobe Lightroom
1083,Фотография
1084,Цветокоррекция
1085,Чувство вкуса
1086,Знание английского
1087,Сосредоточенность
1088,Обработка фото
1089,Atlassian Confluence
1090,API
1091,Modbus
1092,REST
1093,Проектный менеджмент
1094,1С версия 11.1
1095,Знание международного документа оборота
1096,Развитие брендов
1097,продажи по телефону
1098,работа на кассе
1099,консультрование клиентов
1100,Управление курьерской службой
1101,обработка входящей корреспонденции
1102,дополнительные продажи
1103,Инкассация
1104,Пополнение товарных запасов
1105,Маркетинговые коммуникации
1106,Планирование маркетинговых кампаний
1107,Медиапланирование
1108,Умение работать с большим количеством информации
1109,Проверка контрагентов
1110,Технические системы и средства безопасности
1111,Согласование договоров
1112,Инспекционные проверки
1113,Подбор сотрудников
1114,Уборка
1115,Сбор требований
1116,Групповое обучение
1117,Индивидуальное обучение
1118,Active Directory
1119,Настройка DNS
1120,MS Exchange
1121,1C
1122,MS Windows
1123,чистоплотность
1124,Сантехника
1125,Офисные программы
1126,Работа с ПК
1127,Проявление тактичности и толерантности
1128,Подготовка отчетов
1129,Первичное обследование
1130,ArchiCAD
1131,SketchUp
1132,Civil 3D
1133,Опыт
1134,Программы пакета Adobe
1135,Испанский — C1 — Продвинутый
1136,Sales Skills
1137,Sales Management
1138,Presentation skills
1139,Customer Relationship Management
1140,Negotiation skills
1141,Испанский язык
1142,Bash
1143,Администрирование серверов Linux
1144,Техническая поддержка
1145,Эксплуатация электрооборудования
1146,Колористика
1147,Умение общаться с клиентами
1148,Энтузиазм
1149,Google AdWords
1150,Контекстная реклама
1151,E-Mail Marketing
1152,Интернет-реклама
1153,Internet Marketing
1154,Яндекс.Директ
1155,Instagram
1156,Facebook
1157,Vkontakte
1158,Анализ посещаемости сайтов
1159,WEB аналитика
1160,Разработка маркетинговой стратегии
1161,Управление лояльностью потребителей
1162,общительность
1163,Добропорядочность
1164,Станки ЧПУ
1165,Металлообработка
1166,1 С УНФ
1167,Продажи через дистрибьюторов
1168,способность быстро обучаться и легко воспринимать крупные объемы информации
1169,навыки работы с электронной почтой
1170,Навыки общения с клиентами
1171,Владение ПК на уровне уверенного пользователя
1172,Опрятный внешний вид
1173,Пиготовление суши и роллов
1174,Приготовление салатов
1175,Корпоративная этика
1176,Встреча гостей
1177,Улыбчивость
1178,"грамотная речь, ответственность, пуктуальность, доброжелательность"
1179,"клиентоориентированность, исполнительность"
1180,Ведение переписки
1181,Общение
1182,Magento
1183,BPMN
1184,UML
1185,Scrum
1186,Kanban
1187,Критическое мышление
1188,PMI
1189,Аналитические исследования
1190,Моделирование бизнес процессов
1191,Постановка задач разработчикам
1192,Настройка ПК
1193,Wifi networks
1194,Сборка ПК
1195,Логус
1196,Битрикс24
1197,Mango
1198,iiko
1199,Организация мероприятий для сотрудников
1200,Мониторинг рынка
1201,"Администрирование приема, перевода и увольнения сотрудников"
1202,Оформление больничных листов и отпусков
1203,кадровый документооборот
1204,Аттестация рабочих мест
1205,Ведение архива
1206,Оформление трудовых книжек
1207,Отчетность в государственные фонды
1208,Turbo Pascal
1209,Внимательность
1210,Физическая подгогтовка
1211,Работоспособность
1212,Проактивность
1213,Нацеленность на результат
1214,Позитивный склад характера
1215,Стремление к профессиональному и личностному росту
1216,ACDSee
1217,Total Commander
1218,печатное оборудование
1219,планшетник УФ
1220,работа на принтере
1221,уф принтер
