id_reviews,id_company,id_user,Advantages,Disadvantages
1,33,285,"Удаленная работа, удобное взаимодействие с руководством, бренд работодателя","- зарплату
- вовремя оповещать персонал перед уходом 
- не кидать кучу сотрудников на 1 задачу"
2,206,318,Белая зарплата. Хороший офис. Удобное его расположение. Хороший рабочий коллектив.,"Взаимодействие с вышестоящим руководством. Открытость в отношениях. Снизить частоту изменения kpi и продуктов, с которыми работают менеджеры."
3,101,364,"Удаленная работа, обучение, руководитель отдела всегда готовы помочь,подсказать.","К сожалению оплата за работу не соответствует даже заявленной минимальной. О том, что снимают за ошибку никто не говорит,узнаешь уже из своего личного кабинета. Причем за одну верную карточку начисляют например 50 копеек, а за ошибку снимают 20 рублей работаешь в минус. Работу проверяют постоянно разные сотрудники,один говорит неправильно,другой говорит правильно,не могут между собой решить , а в итоге ты останешься крайний"
4,272,44,Очень хороший и дружелюбный коллектив! Все всегда готовы помочь),Нет возможности пообщаться с коллегами! Это грустно( и еще зарплата могла бы быть лучше!
5,201,658,"Работа из дома, приветливый коллектив","Уровень зарплаты, больше плюшек от компании!"
6,161,273,"Удаленная работа, оплата за выработку, исключительно лояльный коллектив","Оптимизация делового общения, корпоративная культура исключительно для галочки"
7,370,438,"Свободный выбор графика, удобный интерфейс рабочего пространства, понятные инструкции и качественная поддержка. Хороший вариант подработки или дополнительного заработка.","Из минусов можно отметить низкий уровень оплаты труда, даже при выполнении рабочей нормы в 40 часов в неделю."
8,272,49,"Классные люди, система льгот , возможности для развития, стабильность и опыт","Проблемные места во всем, зп ниже рынка, команда поддержки бизнеса - по сути аутсорсинг без льгот, информационный вакуум, один из бизнес юнитов - царство лицемерия, туда как будто берут людей по принципу «умеешь создавать скандалы»
Постоянные встречи ради встреч, рабочий день в среднем вместо 8 часов 12-14, нет системности и планирования всего заранее все срочно, или суперсрочно."
9,427,858,"Классный офис, крупная компания, много возможностей для повышения квалификации",Более открытая система оценки
10,261,417,"систематические выплаты, компенсация интернета, сменный график","отношение к персоналу, оплату труда"
11,479,434,"Работа из дома, единственный плюс.
Иногда звонят весёлые водители","Графики сделать не 12 часовые, а более гибкие. И перерывы по боту, иногда разница более 3 часов - устаёшь сильно. Перевестись с голосовой поддержки не возможно."
12,490,595,"Возможность отследить сколько заработал за день, зп регулярная","Закрыли отдел продаж, предложили перейти на совершенно другую специальность"
13,262,521,"Свобода в выборе рабочего графика, коллектив, руководство, стабильность","Увеличить з/п, возможность роста в компании"
14,396,994,Оплачиваемые подработки. Работа по ТК. Соц пакет,Увеличивать ЗП на уровень инфляции
15,249,723,"Удаленка, график работы, можно подмену найти если срочно нужно.","Уровень зп низкий(на сделке) . В остальном работа дома,это плюс."
16,252,46,"Обучение на высшем уровне, много практики и постоянная поддержка Тимлида. 
Много конкурсов и доп мотивации для менеджеров",Починить электронную подпись
17,238,496,"Гибкий график, удаленная работа, возможность карьерного роста, крутой коллектив",Низкий уровень дохода при большом объеме работы
18,486,957,"Очень комфортные условия труда, расширенная дмс, кофепоинты со всем необходимым, компенсация питания.
Оценка работы 2 раза в год, по итогу которой выплачивается премия.",Оклады сотрудников невысоких должностей
19,260,447,"Относительно легкая воможность вливания в работу, удаленка, некоторые льготы (больше актуально, если живешь в большом городе).

В целом как удаленная работа - хорошо, особенно если есть доп.заработок.","Организация любой активности ВСЕГДА плохая. Будь это тренинги, рабочий процесс или обратная связь. 

Возможности повышения минимальные, но даже если ты их получил - вместе с этим получаешь и несоизмеримое количество ответственности. Денег, естественно, прибавляют совсем немного.

Обучение в процессе работы неплохое, в начале - едва подъемное. От тебя требуют знать и учить огромное количество инфы, но при этом нагружают твоих наставников дополнительной работой, так что времени у них на тебя нет."
20,62,852,"Хорошая, надёжная компания. Куратор отличный. Поддержка чувствуется.",График работы и з/п.
21,108,542,"Свобода выбора рабочего времени, удаленная интересная работа",Коммуникацию между коллегами
22,173,165,"Много плюшек,типа ДМС, приятного офиса с массажным креслом, кофе и печеньками
Стабильность, удобные системы для работы","На мой взгляд соотношение требований и уровень дохода несопоставимо

Требуют просто колоссальных усилий, при этом платят в полтора раза ниже рынка.

Понятно что для бизнеса это выгодно, но для сотрудника это сомнетительно"
23,193,654,"Удаленная работа, стабильная зарплата и хороший коллектив! Всегда есть обратная связь от руководства",Улучшить можно коммуникацию между отделами
24,15,402,"Удалённый формат работы, стабильные выплаты заработной платы","Низкая оплата труда, платят меньше, чем обещали, непрозрачная система заработка, сложности с кадровыми вопросами (отпуск, больничный). Равнодушное руководство"
25,104,569,"Свободный график, крутые профессионалы, отличные условия для работы, оплачиваемое питание, ДМС","Медленный карьерный рост, зарплата не сильно выше рынка"
26,346,896,"Комфортная удаленная работа, прозрачная система оплаты и премирования, приемлемая оплата, корпоративная этика, комфортное рабочее общение, удобные рабочие инструменты, простота решения кадровых вопросов, оформления отпуска, интересные внерабочие активности",Довольно долгий процесс трудоустройства
27,421,192,"Удаленный формат, единственный плюс к сожалению. Ввод в рабочий процесс",Систему заданий. Можно просидеть весь день обновляя задания и только к вечеру получить хоть что-то. В большинстве без доступа для ассесеров. Выплаты смешные за объем.
28,381,523,"Компетентность компании, помощь в трудоустройстве, очень хороший коллектив",Условия заработной платы
29,398,229,"В большинстве своем выше базовых позиций все стандартно для компании такого уровня: чаще всего свободное время начала рабочего дня, ОТЛИЧНОЕ оснащение и месторасположение офисов по городам и в МСК. Хороший пакет всяких плюшек, скидосов и прочего.
Команды в подавляющем большинстве очень приветливые, есть возможности для развития — но от тебя здесь ждут результат.","Условия хорошие, но расходы на поддержку этого образа могут сказываться на доходе — все же доход оцениваю как ниже рынка. С учетом всех плюсов и скидок, конечно, нормально — но это заметная точка роста."
30,53,611,"Свобода в выборе рабочего графика, возможность карьерного роста",Более оперативное решение рабочих вопросов и технических проблем
31,223,497,"Гибкий график, зарплата выше рынка, уютный и красивый офис. Отдельно хочу отметить прекрасный коллектив: коллеги отзывчивые и жизнерадостные","Снизить уровень бюрократии (если это вообще возможно в Сбере) Карьерный рост очень долгий, потолок очень трудно пробить."
32,177,547,"График и режим рабочего времени, вкусняшки, спортзал, саморазвитие",Время и место для отдыха в офисных зданиях
33,393,500,"Отношение и возможность роста, так же оплата труда и возможность ее увеличивать",Работоспособность внутренних программ
34,116,792,"Забота о сотруднике, возможность роста, стабильная ЗП, комфортный офис, возможность удалённой работы",Условия для дистанционной работы
35,378,805,"Причтная корпоративная этика, высший уровень условий труда, комфортный офис, высокий доход",Большая гибкость в удаленной работе
36,306,420,"Интересные задачи и проекты.
Возможность профессионального роста.","Повысить уровень заработной платы.
Улучшить возможности карьерного роста и отдыха."
37,205,331,Полная социальная защита. Забота о каждом сотруднике. Зарплата вовремя.,Заработная плата на среднем уровне
38,201,877,"Доступность, прозрачность во всех аспектах, возможности для развития",Размер ежеквартальной премии)
39,467,65,"Стабильность, законность рабочего процесса. Профессиональный коллектив.",Дмс (расширить ппречень страховых услуг).
40,138,648,"Стабильные выплаты ЗП, высокое техническое оснащение, цифровизация процессов","Добавить реальную возможность выбора режима рабочего времени. Сбалансировать рабочие процессы, чтобы уход вовремя не считался чем то «преступным»"
41,276,704,"Близость к дому
Адекватный график с возможностью изменения под свои нужды",Корпоративная жизнь сотрудников
42,110,922,"Гибкий график и хороший коллектив. Большая нагрузка, Но если вы готовы к постоянному увеличению объема информации, то работа вам понравится",Возможности карьерного роста
43,434,724,"Стабильность и надёжность в непростое время, супер офис и удобное местоположение","Некоторых сотрудников берут чтобы были, большие возможности поэтому не много экономят"
44,147,823,"Приятный коллектив, переодические ивенты и большие возможности","График на моей должности, более стабильный"
45,46,485,"Свобода выбора выходных, помощь руководителя в начальной стадии работы, поддержка.","Качество программы обучения со слайдами на планшете, ведь чтобы перейти на следующий этап обучения, приходится крутить планшетом в разные стороны, чтоб слайд оказался просмотренным. 
По сберлогистике преобрести грузчика или как то улучшить перенос посылок, т.к.10кг нести от отведенного места до служебного помещения, еще нужно как то приложить карточку, чтоб открыть дверь в служебное помещение, чрезвычайно неудобно и тяжело девушкам и женщинам."
46,166,799,"Свобода в выборе графика зависит от руководителя. Есть действительно классные руководители, а есть предвзятые.","Коммуникацию между коллегами. Отслеживание конфликтов и решение из сразу, а не уход от проблемы."
47,45,533,"Своевременная выплата зароботной платы, оплата больничных листов и отпускных.","Структуру оплаты труда, структуру организации работы, соблюдение инструкций."
48,86,590,"Отличная школа кадров, проработав в Сбербанке , можно устроиться на любую работу и трудностей не будет с тем, чтобы изучить новую профессию","Меньше проверяющих, больше сотрудников и больше внимания к внутренним клиентам, чтобы ставка по кредиту была меньше, ну и все такое"
49,114,791,"Отношение к сотрудникам, начиная от достойной оплаты труда и заканчивая обустройством рабочих мест и мест отдыха.",Коммуникация между отделами ЕРКЦ
50,341,972,"Амбициозные цели, достойная оплата, сложные задачи, возможности роста","Иногда бюрократические моменты снижают скорость решения задач, но безопасность превыше всего, конечно"
51,323,718,"Руководитель лояльный,готов всегда прийти на помощь.График работы стараются подстраивать под пожелания","Высокие требования к выполнению плана продаж,постоянные проверки свыше,много обучения,которое приходится проходить в личном время"
52,45,584,"Возможность обучения и получения новых навыков, высокий уровень корпоративной культуры, интересные клиенты, дружный коллектив","Сложность банковских процессов, зачастую лишних"
53,203,277,"Удобный график. Местоположение: офис расположен близко к дому. Отличный доброжелательный коллектив, командный дух. Стабильная конкурентноспособная заработная плата без задержек.",Возможность удаленной работы
54,139,872,"Официальное трудоустройство, ДМС, близость к дому, возможность переезда по России","Уменьшить уровень стресса работников из-за ""Красной зоны"""
55,415,920,"Стабильность и уверенность в зарплате, минимум переработка, точный график. Оплата отпусков и больничных, годовые бонусы",Технику на рабочих местах
56,475,269,"Коллектив, стабильность , престиж, интересная работа, командировки",Компания достаточно гибкая в плане предложений и нововведений
57,1,196,"Заработная плата без задержек,полностью прозрачная. Уютный хороший офис, хороший коллектив",Программное обеспечение
58,493,99,"Коллектив, амбициозность задач, атмосфера, возможность обучения и роста",Возможность работать удаленно
59,213,752,"Продуманность организации служебных процессов. 
Полное соблюдение всех обязательств работодателя.",Решить вопрос с парковкой.
60,345,901,"Все отлично. Коллектив, мотивация , условия и прочее. Самое главное привилегии для сотрудников","Помощь начинающим специалистам банка , от коллег"
61,149,597,"Условия труда и вовлечённость в процессы, возможность решать многофункциональные задачи",Сократить излишнюю бюрократию
62,62,747,"Рабочий график и лояльность к персоналу, но хотелось бы лучше !",Зарплата маленькая помещения огромные а так же вредное производство
63,490,586,"Условия труда,а также проживания,место работы,достойная зарплата.","Сделать новые программные обеспечения,по упрощению работы."
64,34,421,"Близость к дому, доставка персонала на рабочее место, предоставление спец. одежды","Условия труда, модернизация оборудования, улучшение технологий"
65,392,961,"Близость к дому, система адаптации, обучение, организация мероприятий",Сделать подключение к приложению atom-space через домашнюю почту. Меньше бюрократии.
66,424,53,"Высокая зарплата, возможность карьерного роста, льготы для сотрудников","Компетентность руководства, поведение и отношения внутри коллектива, возможность трудоустройства для студентов и людей, не имеющих контакты в организации"
67,123,426,"Стабильность, офис, масштаб проектов. Возможность совершенствоваться. Большая корпоративная библиотека знаний.",Сократить количество презентаций и отчетов.
68,300,988,"Отношение руководителей к своим сотрудникам, страховка, хорошая заработная плата!",Сплоченность коллектива
69,217,171,Уровень зарплаты постоянно растет,Закупочная деятельность не на высоте
70,135,289,"Устойчивая компания , возможность обучаться и работать с большими профи.","Очень все зарегулировано, очень долго принимаются любые решения"
71,346,385,"Своевременная оплата труда, отличная социальная программа, дружный коллектив","Улучшение условий труда в некоторых отделах, особенно для рабочих"
72,413,274,"Политика компании в области охраны труда, социальная политика, особенно для молодежи которые пришли в росатом как первое место работы","Зарплаты, убрать семейные подряды, больше помощи молодежи"
73,396,950,"Свобода в выборе графика, хорошее наставничество, терпеливость и деление своим опытом.","Как мне показалось немного слабая увлеченность моей работой, а в целом нету претензий как таковых."
74,365,710,"Уровень заработной платы. Выше, чем по ""рынку"". Больше нет в Нововоронеже","Больше отправлять сотрудников на обучение, особенно молодых. За 11 лет работы ни разу не проходил обучение (скорей повышение квалификации) за пределами ""конторы""."
75,122,730,"Хороший соцпакет, 2 столовые",Уменьшение бюрократии
76,287,444,"Миссия корпорации, заработная плата и история её деятельности","Недостатков не обнаружено. Впрочем, меню в столовой можно было бы улучшить (если не уже)."
77,417,921,Очень хороший коллектив. Понятливые начальники.,Бонусы сотрудникам. Прислушиваться к мнению сотрудников.
78,397,329,"Стабильность, возможность роста",Систему поощрений сотрудников
79,43,129,"Хорошая зп, отдых в санаториях, достойные условия труда, выплаты молодым специалистам",Сложно продвигаться по карьерной лестнице
80,402,367,"Отличные условия, достойная зарплата",Увеличить Количество командировок
81,288,681,квартальные премии и надбавки,ввести прозрачные KPI
82,59,50,"Социальный пакет, стабильный доход, активная профсоюзная жизнь","Рабочий техпроцесс, обратную связь"
83,427,361,"бюрократизация, корпоративная культура","работа с кадрами, управление проектами"
84,339,705,Отличный коллектив и непосредственный руководитель. Условия труда и отдыха. Организация досуга для сотрудников.,Отсутствует карьерный рост. Отсутствуют программы и курсы повышения квалификации на месте.
85,127,581,Стабильность. Надежность. Узнаваемость. Наличие и возможность пройти дистанционно обучение (закончить курсы) по различным интересующим вас темам в академии Росатом.,"Нет четких границ по распределению между сотрудниками и отделами различного рода сложностей поручений. Для примера: Один сотрудник может выполнять работу за нескольких, а в некоторых случаях и за несколько отделов вкупе, и данная ситуация в порядке вещей в данной организации.
Большое количество руководящих лиц на одного штатного сотрудника. (У одного инженера, может быть до 5 начальников)"
86,195,345,"комфорт, ненапряжные руководители","не убирать удаленку. на локдауне была удаленка, все было супер, потом зачем-то убрали"
87,205,881,"Близость к дому, возможность проезда",Уровень заработной платы
88,392,519,"условия труда
возможность карьерного роста
оплата труда",коммуникацию между сотрудниками
89,267,576,"Стабильность, полный соц. пакет, отличные условия для отдыха, предприятие предоставляет льготные путёвки на юг.","Практически нет карьерного роста, невысокая зароботная плата для такого крупного предприятия."
90,253,112,Системный подход. Опыт работы. Приверженность ценностям. Коммуникация,Улучшение системы закупок
91,316,560,"Помощь, уважение, улучшение рабочих условий.
Руководство подстроит график со сложившимися проблемами.","Нехватка сотрудников , распыление по всему магазину"
92,197,369,"Удобно добираться с учёбы или из дома, дружный коллектив,получение нового опыта",Возможность развития сотрудников
93,466,415,"Есть над чем работать, каждый сам за себя, удобный график, белая зарплата","Отношение руководителя к подчинённым, уважение коллег, разделение трудовых обязательств"
94,413,701,"Дружелюбный коллектив, хорошая заработная плата, удобный график работы",Постоянная нехватка персонала
95,287,767,"Адекватное руководство, близость к дому.",Изменить мотивацию оплаты труда.
96,286,386,"Белая зарплата
Отличная команда
Возможность в выборе графика",Корпоративные скидки
97,98,546,"Белая зп. Команда, отпускные, соц пакет, неплохая зп. Рекомендую",Зарплату повысить и карьерный рост
98,493,335,"Отлично место чтобы начать рабочий стаж студентам и пр. Есть хорошие возможности карьерного роста. Большой выбор непосредственных мест работы (территориально), белая зарплата, комната отдыха и пр.","На момент моей работы там можно улучшить отношение руководства к персоналу. Это все конечно локально, зависит от конкретного человека, но все же."
99,280,716,"Белая зп, которая приходит всегда вовремя, без задержек. Полный соц пакет",Лучше подбирать директоров магазинов и начальников отдела
100,46,506,"Отлаженность бизнес-процессов, обьем работы соответствует должности, отличный коллектив","Возможно, увеличение з.п."
101,465,603,"Своевременная оплата труда, отсутствие дресс кода, график работы","Оплату труда
Отношение руководства
Атмосферу в коллективе"
102,189,133,Стабильность в заработной плате. Возможность карьерного роста,"Вывозить несезонный товар с регионов Севера позже, чем со средней полосы России"
103,87,574,"Помощь в развитии, реальная возможность карьерного роста. Готовность руководства идти на встречу в проблемных ситуациях. Зарплата без задержек.",Уровень заработной платы
104,161,265,"Место расположения, график работы, хороший коллектив, есть место для отдыха","График, увеличить зарплату кладовщикам"
105,259,624,"Каждый в компании понимает над чем работает и трудится во благо компании, очень крутое место для роста как специалиста.","Структура документаций, стандартизация систем для удобного понимания и взаимодействия с командами"
106,189,415,"Вовремя платят зп,график за неделю известен,выдают форму,вообщем это все что хорошего есть","Очень низкая зарплата за огромную емкость работы(переоклейка,уборка,работа с показателями,выкладка товара,работа на кассе,предотвращение потерь)"
107,162,585,"Самый лучший руководитель, лояльность, доброта, забота. Человечное отношение к сотрудникам, хороший офис.","Офис в городе оформить,тк сейчас он в деревне за городом. Повысить зп."
108,360,500,"Выбор рабочего графика, обучение, условия отдыха. Дружный коллектив, возможность карьерного роста",Повысить заработную плату
109,459,646,"все получалось, обучение было хорошим, информация легко воспринимается","могло бы быть и лучше с отдыхом, очень сильно уставала, но все получалось, работа не для меня"
110,41,144,"Близость к дому , возможность менять график , если вы хотели что то донести до руководства это бы получилось",Сделать вышеперечисленные условия в каждом гипере
111,95,16,"Официальное трудоустройство, стабильность, сфера деятельности, молодой коллектив","Коммуникации, лояльность, автоматизацию, структуру организационную"
112,94,119,"Возможности роста, коллектив, обустройство магазина, интересные командировки","Систему обучения для руководителей, сделать ее расширенной, приглашать внешних бизнес-тренеров"
113,161,977,"Близость к дому , своевременные выплаты , понятные и четкие задачи , дружелюбная атмосфера , составления плана развития , возможность карьерного роста","Коммуникацию между высшим руководством и низшими должностями, уважение"
114,242,963,"Стабильность во всем, независимо от внешних ситуаций, компания помогает сотрудникам. Прекрасный коллектив. Оборудованные места для отдыха. Своя столовая(кормят вкусно).","Музыку во время рабочей смены можно было бы добавить, но это противоречит охране труда."
115,8,69,"Своевременная выплата заработной платы, обучение и помощь на всех его этапах,адекватное руководство, дружный коллектив.",Обеспечить охрану в торговом зале и наладить температурный режим для комфортной работы
116,244,393,"Соблюдение норм Трудового законодательства, белая зарплата, ДМС",После изменения штатного расписания можно было предложить другую работу
117,458,585,"Свободный график работы это плюс, но когда в процессе работы сотруднику становится плохо, ему дают час на посещение врача с требованием вернуться на работу, когда это фактически не возможно, цены растут, выработка в час растёт, а покупателей нет…","Отношение работодателя к сотрудникам, быть более человечными"
118,132,393,"Удобные смены, близко от дома, отношение руководства, хорошие условия работы",Коммуникация между сотрудниками
119,69,858,"Гибкий график,хороший коллектив.Для студентов оптимальный вариант без опыта","Недоработанная система мотивации,зп ниже чем на аналогичных должностях."
120,186,549,"Отзывчивость и понимание руководства! Всегда шли на встречу!
Старались ставить выходные и доп.выходные по просьбе!
Лучшее начальство, которое я только встречала!!!","Охрану, и процент от продаж"
121,71,498,"Адекватное руководство, возможность развития, хорошие условия труда.",Возможность роста ЗП
122,297,90,"Дружный коллектив, офис в центре города, система обучения, оплата обучения.","Компетентность руководства, политику компании в отношение сотрудников. Добавить возможность карьерного роста, которого нет вовсе."
123,413,520,Интересная современная компания с отлично развитой корпоративной политикой,Уровень оплаты труда
124,494,668,"Комфортное рабочее место, коллеги, которые готовы помочь, лояльный руководитель","Уровень зп, так как объем работы огромный. Либо сделать мотивацию"
125,497,692,"Отличные возможности для роста и развития, конкурентная заработная плата",Хотелось бы побольше профессиональных курсов для развития
126,7,155,"Лояльный график, учитывают пожелания. Возможность работы из дома",Можно было бы поднять зарплату и премии за такую морально тяжелую работу с людьми
127,428,541,"Официальное трудоустройство,график работы стандартный есть развозка",Полностью поменять мотивацию и сменить руководство
128,233,869,"Свобода в выборе графика, лояльность, внимательность, возможность работы из любой точки мира, система поощрений, внерабочий досуг с коллективо","Связь между отделами, систематизацию внутренний данных"
129,27,583,"Ценят сотрудников, время и достижения. Умеют правильно оценить результативность",Можно улучшить оплату труда
130,128,549,"Много корпоративных мероприятий, внутренних активностей, конкурсов. Еженедельное обучение продажам/продукту. Возможности роста как внутри подразделения, так и в других отделах.",Уровень дохода оставляет желать лучшего. Большая текучка кадров. Постоянное давление от руководства.
131,240,587,"Офис в удобном месте, дружный коллектив. Не самая плохая зароботная плата. Возможны командировки. Потрясающие корпоративы.",Карьерный рост маловероятен
132,484,559,"Работа из дома, владение свободным временем, график работы, дистанционно.","Считаю что все отлично, всегда есть помощь, единственное нужно улучшить качество работы"
133,262,608,"Отличный график работы 
Хорошее руководство
Всегда помогут, когда тебе сложно или что-то не понятно","Повысить ЗП 
Сделать рост каждого сотрудника намного проще чем есть сейчас"
134,241,767,"Дружелюбный коллектив и возможность гибкого графика работы,главное результат","-уровень заработной платы (частые задержки) 
-условия работы"
135,279,499,Адекватное руководство. Работала в Иркутске про другие регионы ничего сказать не могу,Всё хорошо. Обучить реальным продажам
136,48,231,"Можно работать удалённо, комфортные зоны отдыха, охроняемая парковка для сотрудников",Предоставить дмс для сотрудников
137,214,152,"Лояльные руководители, всегда идут на встречу сотруднику. Достоянная зп, хороший коллектив",Коммуникация между сотрудниками
138,240,361,"Хороший коллектив, адекватное начальство, хорошее состояние сети и компьютеров","Для нормальной работы по мне так одного администратора внутри мало, лучше два"
139,424,60,Уровень охвата клиентов. Высокое качество обслуживания. Возможность роста,Нужно модернизировать сети в некоторых городах на оптику
140,274,474,"Корпоративная культура, гибкий график и совмещение с учебой, система обучения новых сотрудников",Добавить оклад для менеджеров по продажам
141,102,134,"Свобода в выборе рабочего графика, достойная заработная плата",Более четкий график начала работы
142,453,901,"Обеспечение необходимым оборудованием, стабильные выплаты з/п",Отношение к сотрудникам
143,63,746,"Предоставление рабочего места, инструментов для работы, предоставление обучения.",Коммуникации по компании между сотрудниками
144,105,259,"Стабильная зарплата, близость к метро, небольшие «плюшки» для сотрудников (корпоративный тариф на интернет и телевидение, мобильную связь)","Кабинеты в разброс по всем этажам БЦ, отсутствие зоны приема пищи, могли бы сделать ДМС, полное отсутствие канцелярии для нового сотрудника."
145,262,779,"Зарплата, хоть и не супер, но всегда вовремя. Обучение, различные мероприятия. И всё.","По должности рабочий день был нормированный. Но никого не интересовало, что вместо отдыха после работы, часто приходилось продолжать работу, иначе KPI не будет выполнен. Отсутствие понимания у удалённого территориально руководства, что моя работа не заканчивается с уходом из офиса. В итоге был назван буквально ""бездельником"" из-за чего пришлось расстаться по обоюдному желанию."
146,93,225,"Соблюдение трудового законодательства , стабильность, доброжелательный коллектив","Уровень дохода, возможности карьерного роста"
147,147,29,"Нормированный рабочий день. Морально- психологический климат в коллективе, корпоративные мероприятия.",Система мотивации персонала
148,88,48,Начальник направления помогала и прокачивала наши навыки. Корпоративный отдых и зарядка помогала влиться в рабочий день),"Зарплата была крайне низкая.
Брали людей в руководители знакомые знакомых"
149,74,755,"Свободный график, лояльное отношение к сотрудникам","Оплата труда низкая, офис находится далеко"
150,147,560,Крутая атмосфера в коллективе. Все это благодаря крутому руководству.,Уровень заработной платы оставляет желать лучшего.
151,430,141,"Честно и прозрачно, надёжный работодатель. Комфортные условия работы, современные технологии","Замечаний нет, все работает отлажено без нареканий"
152,164,743,"Возможности непрерывного обучения, доход выше среднего по рынку",Регламенты работы/ отдыха
153,210,632,"Обучение ,развитие ,конструктивная критика, возможность всегда обсудить рабочие моменты ,постоянные планерки и обсуждение целей и задач","Улучшить офис ,установить кондиционер, повысить оплату труда"
154,437,731,"Хорошее обучение, атмосфера приятная, если вам нравится такая работа то это одна из лучших компаний","Новичкам первого клиента помогать получить, что бы начинали верить в себя"
155,270,778,Постоянное обучение сотрудников. Возможность увидеть как работает опытный персонал. Депо показы на актуальных объектах.,Отсутствие поддержки новичка. Юрист не проверяет документы перед сделкой . Документы на сделку уходят с ошибками. Девиз в коллективе «каждый сам за себя».
156,455,794,"Хороший коллектив, замечательное руководство, много возможностей развития и обучения","Улучшить комнату приёма пищи, больше совместных досуговых мероприятий"
157,8,171,"Свободный график работы, неограничен доход, все зависит от желания человека работать, приветливый коллектив",Отсутствие какого либо оклада у специалистов
158,82,736,"Компания, в которой реально можно расти и горизонтально и вертикально. Специалисты по недвижимости зарабатывают очень достойно",Компания улучшается из года в год. Всех слышат и готовы пойти к улучшению или изменению на основе мнений сотрудников
159,213,158,"График работы каждый может выбрать комфортный для себя
Обучение, есть портал с различным развитием компитенций.
Открытость с руководством.","Условия отдыха.
Кухня без стульев-для большей эффективности работы."
160,467,648,"Хороший был коллектив в группе отдела продаж, адекватные HR, готовы помогать и обучать.","Отсутствует PR и реклама компании в городе, в следствии этого мало входящих заявок на куплю. Многие не дожидаются первой продажи и уходят в минус, а затем и вовсе из компании."
161,466,751,"Компания дает старт к развитию сотрудника как профессионала. Очень дружный коллектив, готовый всегда помочь. Компания быстро развивается и идет в ногу со временем. Адекватное руководство, всегда идущее на уступки ответственным сотрудникам.",Хотелось бы добавить бытовой техники. Бесплатный аппарат кофе для клиентов.
162,375,228,"Можно заработать без ограничений, высокотехнологичная компания, надежный сервис для клиентов, дружный коллектив","Парковку больше, остальное устраивает"
163,214,805,"Хороший коллектив, офис неплохой, проходят регулярные тренинги,компания на слуху","Распределение входящих заявок идут среди одних и тех же людей,не даются инструменты для выполнения планов"
164,95,709,"Нравился в одно время коллектив, в другом офисе, на этом все","Заработную плату, отношение к сотрудникам, коммуникацию между коллегами."
165,214,413,"Очень адекватные, грамотные специалисты, очень человечные, компанейские!)",Освещение в зале совещаний
166,153,681,"График работы, коллеги, близость к дому, бесплатная вода в кулере.","Отношение к сотрудникам, возможность карьерного роста, дисциплина юристов, личные отношения руководящего персонала не показывать на работе."
167,151,417,Система обучения новичков профессии агент по недвижимости. Мало у какого агентства недвижимости поставлен процесс обучения подобно тому как организован процесс обучения в Этажах,"Сотрудничать с агентами по недвижимости как с предпринимателями, а не как с офисным планктоном со всеми вытекающими"
168,485,703,"Отличная система обучения, приятный офис, приветливый коллектив, чтобы заработать нужно действительно работать, твоя зп полностью зависит от тебя, моя рекомендация не надеятся только на баннеры и расклейку находите другие источники, рекламируйте сами себя дополнительно чтобы создать входящий поток только так сможете заработать.",Найти рекламного партнера
169,246,770,"Дресс-код!!! Очень люблю когда люди ходят в пиджаках! В меру симпатичный офис! Если ты хороший продажник, то там можно работать","Посадочные места, люди реально сидят друг на друге"
170,390,844,Интересная работа для организованного предпринимателя. Свободный график. Неограниченный доход.,Число закрытых пеговорных в клиентской зале. Ввести индивидуального помощника по юридическим вопросам
171,268,470,"Возможность быть свободным во времени, параллельно заниматься своими делами. Удобное местоположение. Большой комфортный офис.","Отношение к людям, убрать двойные стандарты. Ценить опытных сотрудников."
172,362,726,"Хорошие условия труда, отличная корпоративная культура, дружный коллектив.",Хотелось бы комнату для отдыха и усовершенствование технического отдела.
173,331,634,"Удобство расположения,гибкий график работы, дружный коллектив, изучение новых компетенций ( в рамках аренды и продажи недвижимого имущества).",Синхронизировать все процессы воедино
174,467,715,Классный руководитель и дружелюбный коллектив. Предоставляется хорошее обучение.,Практически ничего. Побольше корпаративов и совместных мероприятий.
175,364,209,"Удобное расположение, большой комфортный офис, поддержка центрального офиса.",Распределение нагрузки и задач между сотрудниками.
176,39,117,"Это ,пожалуй лучшее место в моем трудовом стаже)Если Вам посчастливилось попасть в компанию Этажи ,вы сами все поймете. Прекрасное отношение отдела, полное сопровождение и адаптация в первые дни роботы .Никаких проблем с зарплатой ,все прозрачно и ясно )))",Развивать культуру сотрудничества и командной роботы )))))))
177,397,61,"Нравилось практически все, особенно люди и атмосфера работы. Доход хороший.",Управление в плане формирования команды.
178,111,482,"Возможности, предоставляемые Компанией для развития","Уровень дохода. Внимание и забота к менеджерам отдела продаж, руководителями отдела"
179,72,638,"Достойные условия труда. Дружный коллектив, хорошая корпоративная культура.",Техническое оснащение отдела продаж можно было бы улучшить. В основном недостатков нет
180,165,53,"Руководство очень хорошее,люди в компании все как на подбор приятные ,хорошие заработные платы, много корпоративов и тренингов от компании",вытяжку)в остальном все в полне себе здорово ) Люблю этажи
